sc,order,page,route,module,riskGrade,identityStatus,visualCaptureStatus,file,flags,identityFlags,legacyBlue,legacySurface,localDarkSurfacePalette,hardcodedControlHeight,directRadius,layout,primaryActionEmojiIcons,bottomNavModuleAccent,moduleLocalGradient,sampleLines
SC-001,1,LoginPage,/auth/login,auth,PASS,FOUNDATION_PASS,READY_FOR_VISUAL_AUDIT,flutter_app/lib/features/auth/presentation/login_page.dart,PASS,FOUNDATION_PASS,0,0,0,0,0,0,0,0,0,
SC-002,2,RegisterPage,/auth/register,auth,PASS,FOUNDATION_PASS,READY_FOR_VISUAL_AUDIT,flutter_app/lib/features/auth/presentation/register_page.dart,PASS,FOUNDATION_PASS,0,0,0,0,0,0,0,0,0,
SC-003,3,OTPPage,/auth/otp,auth,PASS,FOUNDATION_PASS,READY_FOR_VISUAL_AUDIT,flutter_app/lib/features/auth/presentation/otp_page.dart,PASS,FOUNDATION_PASS,0,0,0,0,0,0,0,0,0,
SC-004,4,TwoFASetupPage,/auth/2fa-setup,auth,PASS,FOUNDATION_PASS,READY_FOR_VISUAL_AUDIT,flutter_app/lib/features/auth/presentation/two_fa_setup_page.dart,PASS,FOUNDATION_PASS,0,0,0,0,0,0,0,0,0,
SC-005,5,ForgotPasswordPage,/auth/forgot-password,auth,PASS,FOUNDATION_PASS,READY_FOR_VISUAL_AUDIT,flutter_app/lib/features/auth/presentation/forgot_password_page.dart,PASS,FOUNDATION_PASS,0,0,0,0,0,0,0,0,0,
SC-006,6,ResetPasswordPage,/auth/reset-password,auth,PASS,FOUNDATION_PASS,READY_FOR_VISUAL_AUDIT,flutter_app/lib/features/auth/presentation/reset_password_page.dart,PASS,FOUNDATION_PASS,0,0,0,0,0,0,0,0,0,
SC-007,7,HomePage,/home,home,PASS,MODULE_ACCENT_PASS,READY_FOR_VISUAL_AUDIT,flutter_app/lib/features/home/presentation/home_page.dart,PASS,MODULE_ACCENT_PASS,0,0,0,0,0,0,0,0,0,
SC-008,8,MarketListPage,/markets,markets,PASS,FOUNDATION_PASS,READY_FOR_VISUAL_AUDIT,flutter_app/lib/features/markets/presentation/market_list_page.dart,PASS,FOUNDATION_PASS,0,0,0,0,0,0,0,0,0,
SC-009,9,MarketOverviewPage,/markets/overview,markets,PASS,FOUNDATION_PASS,READY_FOR_VISUAL_AUDIT,flutter_app/lib/features/markets/presentation/market_overview_page.dart,PASS,FOUNDATION_PASS,0,0,0,0,0,0,0,0,0,
SC-010,10,MarketMoversPage,/markets/movers,markets,PASS,FOUNDATION_PASS,READY_FOR_VISUAL_AUDIT,flutter_app/lib/features/markets/presentation/market_movers_page.dart,PASS,FOUNDATION_PASS,0,0,0,0,0,0,0,0,0,
SC-011,11,MarketSectorsPage,/markets/sectors,markets,PASS,FOUNDATION_PASS,READY_FOR_VISUAL_AUDIT,flutter_app/lib/features/markets/presentation/market_sectors_page.dart,PASS,FOUNDATION_PASS,0,0,0,0,0,0,0,0,0,
SC-012,12,WatchlistPage,/markets/watchlist,markets,PASS,FOUNDATION_PASS,READY_FOR_VISUAL_AUDIT,flutter_app/lib/features/markets/presentation/watchlist_page.dart,PASS,FOUNDATION_PASS,0,0,0,0,0,0,0,0,0,
SC-013,13,MarketHeatmapPage,/markets/heatmap,markets,PASS,FOUNDATION_PASS,READY_FOR_VISUAL_AUDIT,flutter_app/lib/features/markets/presentation/market_heatmap_page.dart,PASS,FOUNDATION_PASS,0,0,0,0,0,0,0,0,0,
SC-014,14,PriceAlertsPage,/markets/alerts,markets,PASS,FOUNDATION_PASS,READY_FOR_VISUAL_AUDIT,flutter_app/lib/features/markets/presentation/price_alerts_page.dart,PASS,FOUNDATION_PASS,0,0,0,0,0,0,0,0,0,
SC-015,15,MarketScreenerPage,/markets/screener,markets,PASS,FOUNDATION_PASS,READY_FOR_VISUAL_AUDIT,flutter_app/lib/features/markets/presentation/market_screener_page.dart,PASS,FOUNDATION_PASS,0,0,0,0,0,0,0,0,0,
SC-016,16,ComparisonToolPage,/markets/compare,markets,PASS,FOUNDATION_PASS,READY_FOR_VISUAL_AUDIT,flutter_app/lib/features/markets/presentation/comparison_tool_page.dart,PASS,FOUNDATION_PASS,0,0,0,0,0,0,0,0,0,
SC-017,17,MarketCalendarPage,/markets/calendar,markets,PASS,FOUNDATION_PASS,READY_FOR_VISUAL_AUDIT,flutter_app/lib/features/markets/presentation/market_calendar_page.dart,PASS,FOUNDATION_PASS,0,0,0,0,0,0,0,0,0,
SC-018,18,DerivativesOverviewPage,/markets/derivatives,markets,PASS,FOUNDATION_PASS,READY_FOR_VISUAL_AUDIT,flutter_app/lib/features/markets/presentation/derivatives_overview_page.dart,PASS,FOUNDATION_PASS,0,0,0,0,0,0,0,0,0,
SC-019,19,MarketDepthPage,/markets/depth,markets,PASS,FOUNDATION_PASS,READY_FOR_VISUAL_AUDIT,flutter_app/lib/features/markets/presentation/market_depth_page.dart,PASS,FOUNDATION_PASS,0,0,0,0,0,0,0,0,0,
SC-020,20,SocialSentimentPage,/markets/social-sentiment,markets,PASS,FOUNDATION_PASS,READY_FOR_VISUAL_AUDIT,flutter_app/lib/features/markets/presentation/social_sentiment_page.dart,PASS,FOUNDATION_PASS,0,0,0,0,0,0,0,0,0,
SC-021,21,PortfolioTrackerPage,/markets/portfolio-tracker,markets,PASS,FOUNDATION_PASS,READY_FOR_VISUAL_AUDIT,flutter_app/lib/features/markets/presentation/portfolio_tracker_page.dart,PASS,FOUNDATION_PASS,0,0,0,0,0,0,0,0,0,
SC-022,22,MarketNewsPage,/markets/news,markets,PASS,FOUNDATION_PASS,READY_FOR_VISUAL_AUDIT,flutter_app/lib/features/markets/presentation/market_news_page.dart,PASS,FOUNDATION_PASS,0,0,0,0,0,0,0,0,0,
SC-023,23,AdvancedChartsPage,/markets/advanced-charts,markets,PASS,FOUNDATION_PASS,READY_FOR_VISUAL_AUDIT,flutter_app/lib/features/markets/presentation/advanced_charts_page.dart,PASS,FOUNDATION_PASS,0,0,0,0,0,0,0,0,0,
SC-024,24,TokenUnlocksPage,/markets/unlocks,markets,PASS,FOUNDATION_PASS,READY_FOR_VISUAL_AUDIT,flutter_app/lib/features/markets/presentation/token_unlocks_page.dart,PASS,FOUNDATION_PASS,0,0,0,0,0,0,0,0,0,
SC-025,25,SocialSignalsPage,/markets/signals,markets,PASS,FOUNDATION_PASS,READY_FOR_VISUAL_AUDIT,flutter_app/lib/features/markets/presentation/social_signals_page.dart,PASS,FOUNDATION_PASS,0,0,0,0,0,0,0,0,0,
SC-026,26,MarketCorrelationsPage,/markets/correlations,markets,PASS,FOUNDATION_PASS,READY_FOR_VISUAL_AUDIT,flutter_app/lib/features/markets/presentation/market_correlations_page.dart,PASS,FOUNDATION_PASS,0,0,0,0,0,0,0,0,0,
SC-044,44,PairDetailPage,/pair/btcusdt,markets,PASS,FOUNDATION_PASS,READY_FOR_VISUAL_AUDIT,flutter_app/lib/features/markets/presentation/pair_detail_page.dart,PASS,FOUNDATION_PASS,0,0,0,0,0,0,0,0,0,
SC-045,45,TokenInfoPage,/pair/btcusdt/info,markets,PASS,FOUNDATION_PASS,READY_FOR_VISUAL_AUDIT,flutter_app/lib/features/markets/presentation/token_info_page.dart,PASS,FOUNDATION_PASS,0,0,0,0,0,0,0,0,0,
SC-046,46,MarketDepthPage,/pair/btcusdt/depth,markets,PASS,FOUNDATION_PASS,READY_FOR_VISUAL_AUDIT,flutter_app/lib/features/markets/presentation/market_depth_page.dart,PASS,FOUNDATION_PASS,0,0,0,0,0,0,0,0,0,
SC-027,27,PredictionsHomePage,/markets/predictions,predictions,PASS,FOUNDATION_PASS,READY_FOR_VISUAL_AUDIT,flutter_app/lib/features/predictions/presentation/predictions_home_page.dart,PASS,FOUNDATION_PASS,0,0,0,0,0,0,0,0,0,
SC-028,28,PredictionsSearchPage,/markets/predictions/search,predictions,PASS,FOUNDATION_PASS,READY_FOR_VISUAL_AUDIT,flutter_app/lib/features/predictions/presentation/predictions_search_page.dart,PASS,FOUNDATION_PASS,0,0,0,0,0,0,0,0,0,
SC-029,29,PredictionsBreakingPage,/markets/predictions/breaking,predictions,PASS,FOUNDATION_PASS,READY_FOR_VISUAL_AUDIT,flutter_app/lib/features/predictions/presentation/predictions_breaking_page.dart,PASS,FOUNDATION_PASS,0,0,0,0,0,0,0,0,0,
SC-030,30,PredictionEventDetailPage,/markets/predictions/event/pred-1,predictions,PASS,FOUNDATION_PASS,READY_FOR_VISUAL_AUDIT,flutter_app/lib/features/predictions/presentation/prediction_event_detail_page.dart,PASS,FOUNDATION_PASS,0,0,0,0,0,0,0,0,0,
SC-031,31,PredictionsPortfolioPage,/markets/predictions/portfolio,predictions,PASS,FOUNDATION_PASS,READY_FOR_VISUAL_AUDIT,flutter_app/lib/features/predictions/presentation/predictions_portfolio_page.dart,PASS,FOUNDATION_PASS,0,0,0,0,0,0,0,0,0,
SC-032,32,PredictionsRewardsPage,/markets/predictions/rewards,predictions,PASS,FOUNDATION_PASS,READY_FOR_VISUAL_AUDIT,flutter_app/lib/features/predictions/presentation/predictions_rewards_page.dart,PASS,FOUNDATION_PASS,0,0,0,0,0,0,0,0,0,
SC-033,33,PredictionsLeaderboardPage,/markets/predictions/leaderboard,predictions,PASS,FOUNDATION_PASS,READY_FOR_VISUAL_AUDIT,flutter_app/lib/features/predictions/presentation/predictions_leaderboard_page.dart,PASS,FOUNDATION_PASS,0,0,0,0,0,0,0,0,0,
SC-034,34,PredictionsGlobalActivityPage,/markets/predictions/activity,predictions,PASS,FOUNDATION_PASS,READY_FOR_VISUAL_AUDIT,flutter_app/lib/features/predictions/presentation/predictions_global_activity_page.dart,PASS,FOUNDATION_PASS,0,0,0,0,0,0,0,0,0,
SC-035,35,PredictionOrderReceiptPage,/markets/predictions/receipt/p2p001,predictions,PASS,FOUNDATION_PASS,READY_FOR_VISUAL_AUDIT,flutter_app/lib/features/predictions/presentation/prediction_order_receipt_page.dart,PASS,FOUNDATION_PASS,0,0,0,0,0,0,0,0,0,
SC-036,36,PredictionRiskCalculatorPage,/markets/predictions/risk-calculator,predictions,PASS,FOUNDATION_PASS,READY_FOR_VISUAL_AUDIT,flutter_app/lib/features/predictions/presentation/prediction_risk_calculator_page.dart,PASS,FOUNDATION_PASS,0,0,0,0,0,0,0,0,0,
SC-037,37,PredictionMarketMakerPage,/markets/predictions/market-maker,predictions,PASS,FOUNDATION_PASS,READY_FOR_VISUAL_AUDIT,flutter_app/lib/features/predictions/presentation/prediction_market_maker_page.dart,PASS,FOUNDATION_PASS,0,0,0,0,0,0,0,0,0,
SC-038,38,PredictionPortfolioAnalyzerPage,/markets/predictions/portfolio-analyzer,predictions,PASS,FOUNDATION_PASS,READY_FOR_VISUAL_AUDIT,flutter_app/lib/features/predictions/presentation/prediction_portfolio_analyzer_page.dart,PASS,FOUNDATION_PASS,0,0,0,0,0,0,0,0,0,
SC-039,39,PredictionEventCalendarPage,/markets/predictions/event-calendar,predictions,PASS,FOUNDATION_PASS,READY_FOR_VISUAL_AUDIT,flutter_app/lib/features/predictions/presentation/prediction_event_calendar_page.dart,PASS,FOUNDATION_PASS,0,0,0,0,0,0,0,0,0,
SC-040,40,PredictionSocialPage,/markets/predictions/social,predictions,PASS,FOUNDATION_PASS,READY_FOR_VISUAL_AUDIT,flutter_app/lib/features/predictions/presentation/prediction_social_page.dart,PASS,FOUNDATION_PASS,0,0,0,0,0,0,0,0,0,
SC-041,41,PredictionAdvancedChartPage,/markets/predictions/advanced-chart/btcusdt,predictions,PASS,FOUNDATION_PASS,READY_FOR_VISUAL_AUDIT,flutter_app/lib/features/predictions/presentation/prediction_advanced_chart_page.dart,PASS,FOUNDATION_PASS,0,0,0,0,0,0,0,0,0,
SC-042,42,PredictionTournamentsPage,/markets/predictions/tournaments,predictions,PASS,FOUNDATION_PASS,READY_FOR_VISUAL_AUDIT,flutter_app/lib/features/predictions/presentation/prediction_tournaments_page.dart,PASS,FOUNDATION_PASS,0,0,0,0,0,0,0,0,0,
SC-043,43,PredictionDataIntegrationPage,/markets/predictions/data-integration,predictions,PASS,FOUNDATION_PASS,READY_FOR_VISUAL_AUDIT,flutter_app/lib/features/predictions/presentation/prediction_data_integration_page.dart,PASS,FOUNDATION_PASS,0,0,0,0,0,0,0,0,0,
SC-047,47,NewsPage,/news,news,PASS,FOUNDATION_PASS,READY_FOR_VISUAL_AUDIT,flutter_app/lib/features/news/presentation/news_page.dart,PASS,FOUNDATION_PASS,0,0,0,0,0,0,0,0,0,
SC-048,48,TradePage,/trade,trade,PASS,FOUNDATION_PASS,READY_FOR_VISUAL_AUDIT,flutter_app/lib/features/trade/presentation/trade_page.dart,PASS,FOUNDATION_PASS,0,0,0,0,0,0,0,0,0,
SC-049,49,TradePage,/trade/btcusdt,trade,PASS,FOUNDATION_PASS,READY_FOR_VISUAL_AUDIT,flutter_app/lib/features/trade/presentation/trade_page.dart,PASS,FOUNDATION_PASS,0,0,0,0,0,0,0,0,0,
SC-050,50,OrdersHistoryPage,/trade/orders-history,trade,PASS,FOUNDATION_PASS,READY_FOR_VISUAL_AUDIT,flutter_app/lib/features/trade/presentation/orders_history_page.dart,PASS,FOUNDATION_PASS,0,0,0,0,0,0,0,0,0,
SC-051,51,OrderReceiptPage,/trade/order-receipt,trade,PASS,FOUNDATION_PASS,READY_FOR_VISUAL_AUDIT,flutter_app/lib/features/trade/presentation/order_receipt_page.dart,PASS,FOUNDATION_PASS,0,0,0,0,0,0,0,0,0,
SC-052,52,TradeSettingsPage,/trade/settings,trade,PASS,FOUNDATION_PASS,READY_FOR_VISUAL_AUDIT,flutter_app/lib/features/trade/presentation/trade_settings_page.dart,PASS,FOUNDATION_PASS,0,0,0,0,0,0,0,0,0,
SC-053,53,PositionDashboardPage,/trade/positions,trade,PASS,FOUNDATION_PASS,READY_FOR_VISUAL_AUDIT,flutter_app/lib/features/trade/presentation/position_dashboard_page.dart,PASS,FOUNDATION_PASS,0,0,0,0,0,0,0,0,0,
SC-054,54,TradeHistoryExportPage,/trade/export,trade,PASS,FOUNDATION_PASS,READY_FOR_VISUAL_AUDIT,flutter_app/lib/features/trade/presentation/trade_history_export_page.dart,PASS,FOUNDATION_PASS,0,0,0,0,0,0,0,0,0,
SC-055,55,AdvancedChartPage,/trade/advanced-chart/btcusdt,trade,PASS,FOUNDATION_PASS,READY_FOR_VISUAL_AUDIT,flutter_app/lib/features/trade/presentation/advanced_chart_page.dart,PASS,FOUNDATION_PASS,0,0,0,0,0,0,0,0,0,
SC-056,56,ConvertPage,/trade/convert,trade,PASS,FOUNDATION_PASS,READY_FOR_VISUAL_AUDIT,flutter_app/lib/features/trade/presentation/convert_page.dart,PASS,FOUNDATION_PASS,0,0,0,0,0,0,0,0,0,
SC-057,57,FuturesPage,/trade/btcusdt/futures,trade,PASS,FOUNDATION_PASS,READY_FOR_VISUAL_AUDIT,flutter_app/lib/features/trade/presentation/futures_page.dart,PASS,FOUNDATION_PASS,0,0,0,0,0,0,0,0,0,
SC-058,58,LeveragePage,/trade/btcusdt/futures/leverage,trade,PASS,FOUNDATION_PASS,READY_FOR_VISUAL_AUDIT,flutter_app/lib/features/trade/presentation/leverage_page.dart,PASS,FOUNDATION_PASS,0,0,0,0,0,0,0,0,0,
SC-059,59,TradingBotsPage,/trade/bots,trade,PASS,FOUNDATION_PASS,READY_FOR_VISUAL_AUDIT,flutter_app/lib/features/trade/presentation/trading_bots_page.dart,PASS,FOUNDATION_PASS,0,0,0,0,0,0,0,0,0,
SC-060,60,RiskManagementDemoPage,/trade/risk-management,trade,PASS,FOUNDATION_PASS,READY_FOR_VISUAL_AUDIT,flutter_app/lib/features/trade/presentation/risk_management_demo_page.dart,PASS,FOUNDATION_PASS,0,0,0,0,0,0,0,0,0,
SC-061,61,ExecutionQualityDemoPage,/trade/execution-quality,trade,PASS,FOUNDATION_PASS,READY_FOR_VISUAL_AUDIT,flutter_app/lib/features/trade/presentation/execution_quality_demo_page.dart,PASS,FOUNDATION_PASS,0,0,0,0,0,0,0,0,0,
SC-062,62,AdvancedToolsDemoPage,/trade/advanced-tools,trade,PASS,FOUNDATION_PASS,READY_FOR_VISUAL_AUDIT,flutter_app/lib/features/trade/presentation/advanced_tools_demo_page.dart,PASS,FOUNDATION_PASS,0,0,0,0,0,0,0,0,0,
SC-063,63,CopyTradingPage,/trade/copy-trading,trade,PASS,FOUNDATION_PASS,READY_FOR_VISUAL_AUDIT,flutter_app/lib/features/trade/presentation/copy_trading_page.dart,PASS,FOUNDATION_PASS,0,0,0,0,0,0,0,0,0,
SC-064,64,CopyTradingPageV2,/trade/copy-trading/v2,trade,PASS,FOUNDATION_PASS,READY_FOR_VISUAL_AUDIT,flutter_app/lib/features/trade/presentation/copy_trading_v2_page.dart,PASS,FOUNDATION_PASS,0,0,0,0,0,0,0,0,0,
SC-065,65,CopyEducationPage,/trade/copy-trading/education,trade,PASS,FOUNDATION_PASS,READY_FOR_VISUAL_AUDIT,flutter_app/lib/features/trade/presentation/copy_education_page.dart,PASS,FOUNDATION_PASS,0,0,0,0,0,0,0,0,0,
SC-066,66,ActiveCopiesPage,/trade/copy-trading/active,trade,PASS,FOUNDATION_PASS,READY_FOR_VISUAL_AUDIT,flutter_app/lib/features/trade/presentation/active_copies_page.dart,PASS,FOUNDATION_PASS,0,0,0,0,0,0,0,0,0,
SC-067,67,CopySettingsPage,/trade/copy-trading/settings,trade,PASS,FOUNDATION_PASS,READY_FOR_VISUAL_AUDIT,flutter_app/lib/features/trade/presentation/copy_settings_page.dart,PASS,FOUNDATION_PASS,0,0,0,0,0,0,0,0,0,
SC-068,68,CopyNotificationsPage,/trade/copy-trading/notifications,trade,PASS,FOUNDATION_PASS,READY_FOR_VISUAL_AUDIT,flutter_app/lib/features/trade/presentation/copy_notifications_page.dart,PASS,FOUNDATION_PASS,0,0,0,0,0,0,0,0,0,
SC-069,69,ProviderApplicationPage,/trade/copy-provider-apply,trade,PASS,FOUNDATION_PASS,READY_FOR_VISUAL_AUDIT,flutter_app/lib/features/trade/presentation/provider_application_page.dart,PASS,FOUNDATION_PASS,0,0,0,0,0,0,0,0,0,
SC-070,70,CopyProviderDetailPage,/trade/copy-provider/provider001,trade,PASS,FOUNDATION_PASS,READY_FOR_VISUAL_AUDIT,flutter_app/lib/features/trade/presentation/copy_provider_detail_page.dart,PASS,FOUNDATION_PASS,0,0,0,0,0,0,0,0,0,
SC-071,71,PreCopyAssessmentPage,/trade/copy-provider/provider001/assessment,trade,PASS,FOUNDATION_PASS,READY_FOR_VISUAL_AUDIT,flutter_app/lib/features/trade/presentation/pre_copy_assessment_page.dart,PASS,FOUNDATION_PASS,0,0,0,0,0,0,0,0,0,
SC-072,72,CopyConfigurationPage,/trade/copy-provider/provider001/configuration,trade,PASS,FOUNDATION_PASS,READY_FOR_VISUAL_AUDIT,flutter_app/lib/features/trade/presentation/copy_configuration_page.dart,PASS,FOUNDATION_PASS,0,0,0,0,0,0,0,0,0,
SC-073,73,CopyConfirmationPage,/trade/copy-provider/provider001/confirmation,trade,PASS,FOUNDATION_PASS,READY_FOR_VISUAL_AUDIT,flutter_app/lib/features/trade/presentation/copy_confirmation_page.dart,PASS,FOUNDATION_PASS,0,0,0,0,0,0,0,0,0,
SC-074,74,CopyPerformancePage,/trade/copy-performance/copy001,trade,PASS,FOUNDATION_PASS,READY_FOR_VISUAL_AUDIT,flutter_app/lib/features/trade/presentation/copy_performance_page.dart,PASS,FOUNDATION_PASS,0,0,0,0,0,0,0,0,0,
SC-075,75,PerformanceAttributionPage,/trade/copy-performance/copy001/attribution,trade,PASS,FOUNDATION_PASS,READY_FOR_VISUAL_AUDIT,flutter_app/lib/features/trade/presentation/performance_attribution_page.dart,PASS,FOUNDATION_PASS,0,0,0,0,0,0,0,0,0,
SC-076,76,ProviderComparisonPage,/trade/copy-trading/comparison,trade,PASS,FOUNDATION_PASS,READY_FOR_VISUAL_AUDIT,flutter_app/lib/features/trade/presentation/provider_comparison_page.dart,PASS,FOUNDATION_PASS,0,0,0,0,0,0,0,0,0,
SC-077,77,CopyAuditLogPage,/trade/copy-audit-log/copy001,trade,PASS,FOUNDATION_PASS,READY_FOR_VISUAL_AUDIT,flutter_app/lib/features/trade/presentation/copy_audit_log_page.dart,PASS,FOUNDATION_PASS,0,0,0,0,0,0,0,0,0,
SC-078,78,PortfolioRiskAnalysisPage,/trade/copy-trading/risk-analysis,trade,PASS,FOUNDATION_PASS,READY_FOR_VISUAL_AUDIT,flutter_app/lib/features/trade/presentation/portfolio_risk_analysis_page.dart,PASS,FOUNDATION_PASS,0,0,0,0,0,0,0,0,0,
SC-079,79,ProviderLeaderboardPage,/trade/copy-trading/leaderboard,trade,PASS,FOUNDATION_PASS,READY_FOR_VISUAL_AUDIT,flutter_app/lib/features/trade/presentation/provider_leaderboard_page.dart,PASS,FOUNDATION_PASS,0,0,0,0,0,0,0,0,0,
SC-080,80,SafetyEducationPage,/trade/copy-trading/safety,trade,PASS,FOUNDATION_PASS,READY_FOR_VISUAL_AUDIT,flutter_app/lib/features/trade/presentation/safety_education_page.dart,PASS,FOUNDATION_PASS,0,0,0,0,0,0,0,0,0,
SC-081,81,ProviderGovernancePage,/trade/copy-provider-governance,trade,PASS,FOUNDATION_PASS,READY_FOR_VISUAL_AUDIT,flutter_app/lib/features/trade/presentation/provider_governance_page.dart,PASS,FOUNDATION_PASS,0,0,0,0,0,0,0,0,0,
SC-082,82,DisputeResolutionPage,/trade/copy-dispute-resolution,trade,PASS,FOUNDATION_PASS,READY_FOR_VISUAL_AUDIT,flutter_app/lib/features/trade/presentation/dispute_resolution_page.dart,PASS,FOUNDATION_PASS,0,0,0,0,0,0,0,0,0,
SC-083,83,CopySafetyCenterPage,/trade/copy-safety-center,trade,PASS,FOUNDATION_PASS,READY_FOR_VISUAL_AUDIT,flutter_app/lib/features/trade/presentation/copy_safety_center_page.dart,PASS,FOUNDATION_PASS,0,0,0,0,0,0,0,0,0,
SC-084,84,RegulatoryDisclosuresPage,/trade/copy-regulatory-disclosures,trade,PASS,FOUNDATION_PASS,READY_FOR_VISUAL_AUDIT,flutter_app/lib/features/trade/presentation/regulatory_disclosures_page.dart,PASS,FOUNDATION_PASS,0,0,0,0,0,0,0,0,0,
SC-085,85,MarginTradingPage,/trade/margin,trade,PASS,FOUNDATION_PASS,READY_FOR_VISUAL_AUDIT,flutter_app/lib/features/trade/presentation/margin_trading_page.dart,PASS,FOUNDATION_PASS,0,0,0,0,0,0,0,0,0,
SC-086,86,MarginTradingPage,/trade/margin/btcusdt,trade,PASS,FOUNDATION_PASS,READY_FOR_VISUAL_AUDIT,flutter_app/lib/features/trade/presentation/margin_trading_page.dart,PASS,FOUNDATION_PASS,0,0,0,0,0,0,0,0,0,
SC-087,87,TraderProfilePage,/trade/trader/trader001,trade,PASS,FOUNDATION_PASS,READY_FOR_VISUAL_AUDIT,flutter_app/lib/features/trade/presentation/trader_profile_page.dart,PASS,FOUNDATION_PASS,0,0,0,0,0,0,0,0,0,
SC-088,88,AdvancedTradingDemoPage,/trade/margin/advanced-demo,trade,PASS,FOUNDATION_PASS,READY_FOR_VISUAL_AUDIT,flutter_app/lib/features/trade/presentation/advanced_trading_demo_page.dart,PASS,FOUNDATION_PASS,0,0,0,0,0,0,0,0,0,
SC-089,89,MarketDataAnalyticsPage,/trade/margin/market-data-analytics,trade,PASS,FOUNDATION_PASS,READY_FOR_VISUAL_AUDIT,flutter_app/lib/features/trade/presentation/market_data_analytics_page.dart,PASS,FOUNDATION_PASS,0,0,0,0,0,0,0,0,0,
SC-090,90,MarginTradingHubPage,/trade/margin/hub,trade,PASS,FOUNDATION_PASS,READY_FOR_VISUAL_AUDIT,flutter_app/lib/features/trade/presentation/margin_trading_hub_page.dart,PASS,FOUNDATION_PASS,0,0,0,0,0,0,0,0,0,
SC-091,91,LiveMarketDataAnalyticsPage,/trade/margin/live-market-data-analytics,trade,PASS,FOUNDATION_PASS,READY_FOR_VISUAL_AUDIT,flutter_app/lib/features/trade/presentation/live_market_data_analytics_page.dart,PASS,FOUNDATION_PASS,0,0,0,0,0,0,0,0,0,
SC-092,92,AdvancedAnalyticsPage,/trade/margin/advanced-analytics,trade,PASS,FOUNDATION_PASS,READY_FOR_VISUAL_AUDIT,flutter_app/lib/features/trade/presentation/advanced_analytics_page.dart,PASS,FOUNDATION_PASS,0,0,0,0,0,0,0,0,0,
SC-093,93,TransactionReportingPage,/trade/copy-trading/transaction-reporting,trade,PASS,FOUNDATION_PASS,READY_FOR_VISUAL_AUDIT,flutter_app/lib/features/trade/presentation/transaction_reporting_page.dart,PASS,FOUNDATION_PASS,0,0,0,0,0,0,0,0,0,
SC-094,94,RegulatoryReportsDashboardPage,/trade/copy-trading/regulatory-reports-dashboard,trade,PASS,FOUNDATION_PASS,READY_FOR_VISUAL_AUDIT,flutter_app/lib/features/trade/presentation/regulatory_reports_dashboard_page.dart,PASS,FOUNDATION_PASS,0,0,0,0,0,0,0,0,0,
SC-095,95,ARMIntegrationStatusPage,/trade/copy-trading/arm-integration-status,trade,PASS,FOUNDATION_PASS,READY_FOR_VISUAL_AUDIT,flutter_app/lib/features/trade/presentation/arm_integration_status_page.dart,PASS,FOUNDATION_PASS,0,0,0,0,0,0,0,0,0,
SC-096,96,BestExecutionReportsPage,/trade/copy-trading/best-execution-reports,trade,PASS,FOUNDATION_PASS,READY_FOR_VISUAL_AUDIT,flutter_app/lib/features/trade/presentation/best_execution_reports_page.dart,PASS,FOUNDATION_PASS,0,0,0,0,0,0,0,0,0,
SC-097,97,ExecutionVenueAnalysisPage,/trade/copy-trading/execution-venue-analysis,trade,PASS,FOUNDATION_PASS,READY_FOR_VISUAL_AUDIT,flutter_app/lib/features/trade/presentation/execution_venue_analysis_page.dart,PASS,FOUNDATION_PASS,0,0,0,0,0,0,0,0,0,
SC-098,98,SlippageMonitoringPage,/trade/copy-trading/slippage-monitoring,trade,PASS,FOUNDATION_PASS,READY_FOR_VISUAL_AUDIT,flutter_app/lib/features/trade/presentation/slippage_monitoring_page.dart,PASS,FOUNDATION_PASS,0,0,0,0,0,0,0,0,0,
SC-099,99,ClientCategorizationPage,/trade/copy-trading/client-categorization,trade,PASS,FOUNDATION_PASS,READY_FOR_VISUAL_AUDIT,flutter_app/lib/features/trade/presentation/client_categorization_page.dart,PASS,FOUNDATION_PASS,0,0,0,0,0,0,0,0,0,
SC-100,100,ProductGovernancePage,/trade/copy-trading/product-governance,trade,PASS,FOUNDATION_PASS,READY_FOR_VISUAL_AUDIT,flutter_app/lib/features/trade/presentation/product_governance_page.dart,PASS,FOUNDATION_PASS,0,0,0,0,0,0,0,0,0,
SC-101,101,TargetMarketDefinitionPage,/trade/copy-trading/target-market-definition,trade,PASS,FOUNDATION_PASS,READY_FOR_VISUAL_AUDIT,flutter_app/lib/features/trade/presentation/target_market_definition_page.dart,PASS,FOUNDATION_PASS,0,0,0,0,0,0,0,0,0,
SC-102,102,ClientMoneyProtectionPage,/trade/copy-trading/client-money-protection,trade,PASS,FOUNDATION_PASS,READY_FOR_VISUAL_AUDIT,flutter_app/lib/features/trade/presentation/client_money_protection_page.dart,PASS,FOUNDATION_PASS,0,0,0,0,0,0,0,0,0,
SC-103,103,CASSReconciliationPage,/trade/copy-trading/cass-reconciliation,trade,PASS,FOUNDATION_PASS,READY_FOR_VISUAL_AUDIT,flutter_app/lib/features/trade/presentation/cass_reconciliation_page.dart,PASS,FOUNDATION_PASS,0,0,0,0,0,0,0,0,0,
SC-104,104,InvestorCompensationPage,/trade/copy-trading/investor-compensation,trade,PASS,FOUNDATION_PASS,READY_FOR_VISUAL_AUDIT,flutter_app/lib/features/trade/presentation/investor_compensation_page.dart,PASS,FOUNDATION_PASS,0,0,0,0,0,0,0,0,0,
SC-105,105,ExAnteCostsPage,/trade/copy-trading/ex-ante-costs,trade,PASS,FOUNDATION_PASS,READY_FOR_VISUAL_AUDIT,flutter_app/lib/features/trade/presentation/ex_ante_costs_page.dart,PASS,FOUNDATION_PASS,0,0,0,0,0,0,0,0,0,
SC-106,106,RIYCalculatorPage,/trade/copy-trading/riy-calculator,trade,PASS,FOUNDATION_PASS,READY_FOR_VISUAL_AUDIT,flutter_app/lib/features/trade/presentation/riy_calculator_page.dart,PASS,FOUNDATION_PASS,0,0,0,0,0,0,0,0,0,
SC-107,107,ExPostCostsReportPage,/trade/copy-trading/ex-post-costs-report,trade,PASS,FOUNDATION_PASS,READY_FOR_VISUAL_AUDIT,flutter_app/lib/features/trade/presentation/ex_post_costs_report_page.dart,PASS,FOUNDATION_PASS,0,0,0,0,0,0,0,0,0,
SC-108,108,KIDGeneratorPage,/trade/copy-trading/kid-generator,trade,PASS,FOUNDATION_PASS,READY_FOR_VISUAL_AUDIT,flutter_app/lib/features/trade/presentation/kid_generator_page.dart,PASS,FOUNDATION_PASS,0,0,0,0,0,0,0,0,0,
SC-109,109,PerformanceScenariosPage,/trade/copy-trading/performance-scenarios,trade,PASS,FOUNDATION_PASS,READY_FOR_VISUAL_AUDIT,flutter_app/lib/features/trade/presentation/performance_scenarios_page.dart,PASS,FOUNDATION_PASS,0,0,0,0,0,0,0,0,0,
SC-110,110,RiskIndicatorExplainerPage,/trade/copy-trading/risk-indicator-explainer,trade,PASS,FOUNDATION_PASS,READY_FOR_VISUAL_AUDIT,flutter_app/lib/features/trade/presentation/risk_indicator_explainer_page.dart,PASS,FOUNDATION_PASS,0,0,0,0,0,0,0,0,0,
SC-111,111,ComplaintsHandlingPage,/trade/copy-trading/complaints-handling,trade,PASS,FOUNDATION_PASS,READY_FOR_VISUAL_AUDIT,flutter_app/lib/features/trade/presentation/complaints_handling_page.dart,PASS,FOUNDATION_PASS,0,0,0,0,0,0,0,0,0,
SC-112,112,ComplaintSubmissionPage,/trade/copy-trading/complaint-submission,trade,PASS,FOUNDATION_PASS,READY_FOR_VISUAL_AUDIT,flutter_app/lib/features/trade/presentation/complaint_submission_page.dart,PASS,FOUNDATION_PASS,0,0,0,0,0,0,0,0,0,
SC-113,113,ComplaintTrackingPage,/trade/copy-trading/complaint-tracking,trade,PASS,FOUNDATION_PASS,READY_FOR_VISUAL_AUDIT,flutter_app/lib/features/trade/presentation/complaint_tracking_page.dart,PASS,FOUNDATION_PASS,0,0,0,0,0,0,0,0,0,
SC-114,114,OmbudsmanReferralPage,/trade/copy-trading/ombudsman-referral,trade,PASS,FOUNDATION_PASS,READY_FOR_VISUAL_AUDIT,flutter_app/lib/features/trade/presentation/ombudsman_referral_page.dart,PASS,FOUNDATION_PASS,0,0,0,0,0,0,0,0,0,
SC-115,115,AuditTrailPage,/trade/copy-trading/audit-trail,trade,PASS,FOUNDATION_PASS,READY_FOR_VISUAL_AUDIT,flutter_app/lib/features/trade/presentation/audit_trail_page.dart,PASS,FOUNDATION_PASS,0,0,0,0,0,0,0,0,0,
SC-116,116,RegulatoryInspectionReadyPage,/trade/copy-trading/regulatory-inspection-ready,trade,PASS,FOUNDATION_PASS,READY_FOR_VISUAL_AUDIT,flutter_app/lib/features/trade/presentation/regulatory_inspection_ready_page.dart,PASS,FOUNDATION_PASS,0,0,0,0,0,0,0,0,0,
SC-117,117,BotTermsOfServicePage,/trade/bots/terms-of-service,trade,PASS,FOUNDATION_PASS,READY_FOR_VISUAL_AUDIT,flutter_app/lib/features/trade/presentation/bot_terms_of_service_page.dart,PASS,FOUNDATION_PASS,0,0,0,0,0,0,0,0,0,
SC-118,118,BotRiskDisclosurePage,/trade/bots/risk-disclosure,trade,PASS,FOUNDATION_PASS,READY_FOR_VISUAL_AUDIT,flutter_app/lib/features/trade/presentation/bot_risk_disclosure_page.dart,PASS,FOUNDATION_PASS,0,0,0,0,0,0,0,0,0,
SC-119,119,BotSuitabilityAssessmentPage,/trade/bots/suitability-assessment,trade,PASS,FOUNDATION_PASS,READY_FOR_VISUAL_AUDIT,flutter_app/lib/features/trade/presentation/bot_suitability_assessment_page.dart,PASS,FOUNDATION_PASS,0,0,0,0,0,0,0,0,0,
SC-120,120,BotRiskDashboardPage,/trade/bots/risk-dashboard,trade,PASS,FOUNDATION_PASS,READY_FOR_VISUAL_AUDIT,flutter_app/lib/features/trade/presentation/bot_risk_dashboard_page.dart,PASS,FOUNDATION_PASS,0,0,0,0,0,0,0,0,0,
SC-121,121,BotEmergencyStopPage,/trade/bots/emergency-stop,trade,PASS,FOUNDATION_PASS,READY_FOR_VISUAL_AUDIT,flutter_app/lib/features/trade/presentation/bot_emergency_stop_page.dart,PASS,FOUNDATION_PASS,0,0,0,0,0,0,0,0,0,
SC-122,122,BotSecuritySettingsPage,/trade/bots/security-settings,trade,PASS,FOUNDATION_PASS,READY_FOR_VISUAL_AUDIT,flutter_app/lib/features/trade/presentation/bot_security_settings_page.dart,PASS,FOUNDATION_PASS,0,0,0,0,0,0,0,0,0,
SC-123,123,BotHistoryPage,/trade/bots/history,trade,PASS,FOUNDATION_PASS,READY_FOR_VISUAL_AUDIT,flutter_app/lib/features/trade/presentation/bot_history_page.dart,PASS,FOUNDATION_PASS,0,0,0,0,0,0,0,0,0,
SC-124,124,BotPerformanceAnalyticsPage,/trade/bots/performance-analytics,trade,PASS,FOUNDATION_PASS,READY_FOR_VISUAL_AUDIT,flutter_app/lib/features/trade/presentation/bot_performance_analytics_page.dart,PASS,FOUNDATION_PASS,0,0,0,0,0,0,0,0,0,
SC-125,125,BotBacktestingPage,/trade/bots/backtesting,trade,PASS,FOUNDATION_PASS,READY_FOR_VISUAL_AUDIT,flutter_app/lib/features/trade/presentation/bot_backtesting_page.dart,PASS,FOUNDATION_PASS,0,0,0,0,0,0,0,0,0,
SC-126,126,BotStrategyComparePage,/trade/bots/strategy-compare,trade,PASS,FOUNDATION_PASS,READY_FOR_VISUAL_AUDIT,flutter_app/lib/features/trade/presentation/bot_strategy_compare_page.dart,PASS,FOUNDATION_PASS,0,0,0,0,0,0,0,0,0,
SC-127,127,BotOptimizationPage,/trade/bots/optimization,trade,PASS,FOUNDATION_PASS,READY_FOR_VISUAL_AUDIT,flutter_app/lib/features/trade/presentation/bot_optimization_page.dart,PASS,FOUNDATION_PASS,0,0,0,0,0,0,0,0,0,
SC-128,128,BotPortfolioDashboardPage,/trade/bots/portfolio-dashboard,trade,PASS,FOUNDATION_PASS,READY_FOR_VISUAL_AUDIT,flutter_app/lib/features/trade/presentation/bot_portfolio_dashboard_page.dart,PASS,FOUNDATION_PASS,0,0,0,0,0,0,0,0,0,
SC-129,129,BotDrawdownAnalyzerPage,/trade/bots/drawdown-analyzer,trade,PASS,FOUNDATION_PASS,READY_FOR_VISUAL_AUDIT,flutter_app/lib/features/trade/presentation/bot_drawdown_analyzer_page.dart,PASS,FOUNDATION_PASS,0,0,0,0,0,0,0,0,0,
SC-130,130,BotEquityCurvePage,/trade/bots/equity-curve,trade,PASS,FOUNDATION_PASS,READY_FOR_VISUAL_AUDIT,flutter_app/lib/features/trade/presentation/bot_equity_curve_page.dart,PASS,FOUNDATION_PASS,0,0,0,0,0,0,0,0,0,
SC-131,131,BotGuidePage,/trade/bots/guide,trade,PASS,FOUNDATION_PASS,READY_FOR_VISUAL_AUDIT,flutter_app/lib/features/trade/presentation/bot_guide_page.dart,PASS,FOUNDATION_PASS,0,0,0,0,0,0,0,0,0,
SC-132,132,BotFAQPage,/trade/bots/faq,trade,PASS,FOUNDATION_PASS,READY_FOR_VISUAL_AUDIT,flutter_app/lib/features/trade/presentation/bot_faq_page.dart,PASS,FOUNDATION_PASS,0,0,0,0,0,0,0,0,0,
SC-133,133,BotTaxReportingPage,/trade/bots/tax-reporting,trade,PASS,FOUNDATION_PASS,READY_FOR_VISUAL_AUDIT,flutter_app/lib/features/trade/presentation/bot_tax_reporting_page.dart,PASS,FOUNDATION_PASS,0,0,0,0,0,0,0,0,0,
SC-134,134,BotAPIDocumentationPage,/trade/bots/api-documentation,trade,PASS,FOUNDATION_PASS,READY_FOR_VISUAL_AUDIT,flutter_app/lib/features/trade/presentation/bot_api_documentation_page.dart,PASS,FOUNDATION_PASS,0,0,0,0,0,0,0,0,0,
SC-135,135,WalletPage,/wallet,wallet,PASS,FOUNDATION_PASS,READY_FOR_VISUAL_AUDIT,flutter_app/lib/features/wallet/presentation/wallet_page.dart,PASS,FOUNDATION_PASS,0,0,0,0,0,0,0,0,0,
SC-136,136,TxHistoryPage,/wallet/history,wallet,PASS,FOUNDATION_PASS,READY_FOR_VISUAL_AUDIT,flutter_app/lib/features/wallet/presentation/transaction_history_page.dart,PASS,FOUNDATION_PASS,0,0,0,0,0,0,0,0,0,
SC-137,137,DepositPage,/wallet/deposit,wallet,PASS,FOUNDATION_PASS,READY_FOR_VISUAL_AUDIT,flutter_app/lib/features/wallet/presentation/deposit_page.dart,PASS,FOUNDATION_PASS,0,0,0,0,0,0,0,0,0,
SC-138,138,DepositPage,/wallet/deposit/USDT,wallet,PASS,FOUNDATION_PASS,READY_FOR_VISUAL_AUDIT,flutter_app/lib/features/wallet/presentation/deposit_page.dart,PASS,FOUNDATION_PASS,0,0,0,0,0,0,0,0,0,
SC-139,139,WithdrawPage,/wallet/withdraw,wallet,PASS,FOUNDATION_PASS,READY_FOR_VISUAL_AUDIT,flutter_app/lib/features/wallet/presentation/withdraw_page.dart,PASS,FOUNDATION_PASS,0,0,0,0,0,0,0,0,0,
SC-140,140,WithdrawPage,/wallet/withdraw/USDT,wallet,PASS,FOUNDATION_PASS,READY_FOR_VISUAL_AUDIT,flutter_app/lib/features/wallet/presentation/withdraw_page.dart,PASS,FOUNDATION_PASS,0,0,0,0,0,0,0,0,0,
SC-141,141,TransactionDetailPage,/wallet/transaction/tx001,wallet,PASS,FOUNDATION_PASS,READY_FOR_VISUAL_AUDIT,flutter_app/lib/features/wallet/presentation/transaction_detail_page.dart,PASS,FOUNDATION_PASS,0,0,0,0,0,0,0,0,0,
SC-142,142,PortfolioAnalyticsPage,/wallet/portfolio-analytics,wallet,PASS,FOUNDATION_PASS,READY_FOR_VISUAL_AUDIT,flutter_app/lib/features/wallet/presentation/portfolio_analytics_page.dart,PASS,FOUNDATION_PASS,0,0,0,0,0,0,0,0,0,
SC-143,143,AddressAddPage,/wallet/address-book/add,wallet,PASS,FOUNDATION_PASS,READY_FOR_VISUAL_AUDIT,flutter_app/lib/features/wallet/presentation/address_add_page.dart,PASS,FOUNDATION_PASS,0,0,0,0,0,0,0,0,0,
SC-144,144,AddressBookPage,/wallet/address-book,wallet,PASS,FOUNDATION_PASS,READY_FOR_VISUAL_AUDIT,flutter_app/lib/features/wallet/presentation/address_book_page.dart,PASS,FOUNDATION_PASS,0,0,0,0,0,0,0,0,0,
SC-145,145,BuyCryptoPage,/wallet/buy-crypto,wallet,PASS,FOUNDATION_PASS,READY_FOR_VISUAL_AUDIT,flutter_app/lib/features/wallet/presentation/buy_crypto_page.dart,PASS,FOUNDATION_PASS,0,0,0,0,0,0,0,0,0,
SC-146,146,TransferPage,/wallet/transfer,wallet,PASS,FOUNDATION_PASS,READY_FOR_VISUAL_AUDIT,flutter_app/lib/features/wallet/presentation/transfer_page.dart,PASS,FOUNDATION_PASS,0,0,0,0,0,0,0,0,0,
SC-147,147,AssetDetailPage,/wallet/asset/btc,wallet,PASS,FOUNDATION_PASS,READY_FOR_VISUAL_AUDIT,flutter_app/lib/features/wallet/presentation/asset_detail_page.dart,PASS,FOUNDATION_PASS,0,0,0,0,0,0,0,0,0,
SC-148,148,WalletMultiManagerPage,/wallet/multi-manager,wallet,PASS,FOUNDATION_PASS,READY_FOR_VISUAL_AUDIT,flutter_app/lib/features/wallet/presentation/wallet_multi_manager_page.dart,PASS,FOUNDATION_PASS,0,0,0,0,0,0,0,0,0,
SC-149,149,WalletGasOptimizerPage,/wallet/gas-optimizer,wallet,PASS,FOUNDATION_PASS,READY_FOR_VISUAL_AUDIT,flutter_app/lib/features/wallet/presentation/wallet_gas_optimizer_page.dart,PASS,FOUNDATION_PASS,0,0,0,0,0,0,0,0,0,
SC-150,150,WalletTokenApprovalPage,/wallet/token-approval,wallet,PASS,FOUNDATION_PASS,READY_FOR_VISUAL_AUDIT,flutter_app/lib/features/wallet/presentation/wallet_token_approval_page.dart,PASS,FOUNDATION_PASS,0,0,0,0,0,0,0,0,0,
SC-151,151,WalletHealthScorePage,/wallet/health-score,wallet,PASS,FOUNDATION_PASS,READY_FOR_VISUAL_AUDIT,flutter_app/lib/features/wallet/presentation/wallet_health_score_page.dart,PASS,FOUNDATION_PASS,0,0,0,0,0,0,0,0,0,
SC-152,152,PendingDepositsPage,/wallet/pending-deposits,wallet,PASS,FOUNDATION_PASS,READY_FOR_VISUAL_AUDIT,flutter_app/lib/features/wallet/presentation/pending_deposits_page.dart,PASS,FOUNDATION_PASS,0,0,0,0,0,0,0,0,0,
SC-153,153,WithdrawLimitsPage,/wallet/limits,wallet,PASS,FOUNDATION_PASS,READY_FOR_VISUAL_AUDIT,flutter_app/lib/features/wallet/presentation/withdraw_limits_page.dart,PASS,FOUNDATION_PASS,0,0,0,0,0,0,0,0,0,
SC-154,154,DustConverterPage,/wallet/dust-converter,wallet,PASS,FOUNDATION_PASS,READY_FOR_VISUAL_AUDIT,flutter_app/lib/features/wallet/presentation/dust_converter_page.dart,PASS,FOUNDATION_PASS,0,0,0,0,0,0,0,0,0,
SC-155,155,NetworkStatusPage,/wallet/network-status,wallet,PASS,FOUNDATION_PASS,READY_FOR_VISUAL_AUDIT,flutter_app/lib/features/wallet/presentation/network_status_page.dart,PASS,FOUNDATION_PASS,0,0,0,0,0,0,0,0,0,
SC-156,156,ProfilePage,/profile,profile,PASS,FOUNDATION_PASS,READY_FOR_VISUAL_AUDIT,flutter_app/lib/features/profile/presentation/profile_page.dart,PASS,FOUNDATION_PASS,0,0,0,0,0,0,0,0,0,
SC-157,157,EditProfilePage,/profile/edit,profile,PASS,FOUNDATION_PASS,READY_FOR_VISUAL_AUDIT,flutter_app/lib/features/profile/presentation/edit_profile_page.dart,PASS,FOUNDATION_PASS,0,0,0,0,0,0,0,0,0,
SC-158,158,SecurityPage,/profile/security,profile,PASS,FOUNDATION_PASS,READY_FOR_VISUAL_AUDIT,flutter_app/lib/features/profile/presentation/security_page.dart,PASS,FOUNDATION_PASS,0,0,0,0,0,0,0,0,0,
SC-159,159,KYCPage,/profile/kyc,profile,PASS,FOUNDATION_PASS,READY_FOR_VISUAL_AUDIT,flutter_app/lib/features/profile/presentation/kyc_page.dart,PASS,FOUNDATION_PASS,0,0,0,0,0,0,0,0,0,
SC-160,160,SettingsPage,/profile/settings,profile,PASS,FOUNDATION_PASS,READY_FOR_VISUAL_AUDIT,flutter_app/lib/features/profile/presentation/settings_page.dart,PASS,FOUNDATION_PASS,0,0,0,0,0,0,0,0,0,
SC-161,161,ActivityLogPage,/profile/activity,profile,PASS,FOUNDATION_PASS,READY_FOR_VISUAL_AUDIT,flutter_app/lib/features/profile/presentation/activity_log_page.dart,PASS,FOUNDATION_PASS,0,0,0,0,0,0,0,0,0,
SC-162,162,ApiKeyCreatePage,/profile/api/create,profile,PASS,FOUNDATION_PASS,READY_FOR_VISUAL_AUDIT,flutter_app/lib/features/profile/presentation/api_key_create_page.dart,PASS,FOUNDATION_PASS,0,0,0,0,0,0,0,0,0,
SC-163,163,ApiManagementPage,/profile/api,profile,PASS,FOUNDATION_PASS,READY_FOR_VISUAL_AUDIT,flutter_app/lib/features/profile/presentation/api_management_page.dart,PASS,FOUNDATION_PASS,0,0,0,0,0,0,0,0,0,
SC-164,164,VIPPage,/profile/vip,profile,PASS,MODULE_ACCENT_PASS,READY_FOR_VISUAL_AUDIT,flutter_app/lib/features/profile/presentation/vip_page.dart,PASS,MODULE_ACCENT_PASS,0,0,0,0,0,0,0,0,0,
SC-165,165,DeviceManagementPage,/profile/devices,profile,PASS,FOUNDATION_PASS,READY_FOR_VISUAL_AUDIT,flutter_app/lib/features/profile/presentation/device_management_page.dart,PASS,FOUNDATION_PASS,0,0,0,0,0,0,0,0,0,
SC-166,166,SubAccountPage,/profile/sub-accounts,profile,PASS,FOUNDATION_PASS,READY_FOR_VISUAL_AUDIT,flutter_app/lib/features/profile/presentation/sub_account_page.dart,PASS,FOUNDATION_PASS,0,0,0,0,0,0,0,0,0,
SC-167,167,PredictionsPortfolioPage,/profile/predictions,predictions,PASS,FOUNDATION_PASS,READY_FOR_VISUAL_AUDIT,flutter_app/lib/features/predictions/presentation/predictions_portfolio_page.dart,PASS,FOUNDATION_PASS,0,0,0,0,0,0,0,0,0,
SC-168,168,MyArenaPage,/profile/arena,arena,PASS,MODULE_ACCENT_PASS,READY_FOR_VISUAL_AUDIT,flutter_app/lib/features/arena/presentation/my_arena_page.dart,PASS,MODULE_ACCENT_PASS,0,0,0,0,0,0,0,0,0,
SC-169,169,DCAPage,/dca,dca,PASS,MODULE_ACCENT_PASS,READY_FOR_VISUAL_AUDIT,flutter_app/lib/features/dca/presentation/dca_page.dart,PASS,MODULE_ACCENT_PASS,0,0,0,0,0,0,0,0,0,
SC-170,170,DCARebalanceConfig,/dca/rebalance/config,dca,PASS,MODULE_ACCENT_PASS,READY_FOR_VISUAL_AUDIT,flutter_app/lib/features/dca/presentation/dca_rebalance_config_page.dart,PASS,MODULE_ACCENT_PASS,0,0,0,0,0,0,0,0,0,
SC-171,171,DCARebalanceDashboard,/dca/rebalance/config001,dca,PASS,FOUNDATION_PASS,READY_FOR_VISUAL_AUDIT,flutter_app/lib/features/dca/presentation/dca_rebalance_dashboard_page.dart,PASS,FOUNDATION_PASS,0,0,0,0,0,0,0,0,0,
SC-172,172,DCAScheduleConfig,/dca/schedule/config,dca,PASS,FOUNDATION_PASS,READY_FOR_VISUAL_AUDIT,flutter_app/lib/features/dca/presentation/dca_schedule_config_page.dart,PASS,FOUNDATION_PASS,0,0,0,0,0,0,0,0,0,
SC-173,173,DCAScheduleAnalytics,/dca/schedule/config001,dca,PASS,FOUNDATION_PASS,READY_FOR_VISUAL_AUDIT,flutter_app/lib/features/dca/presentation/dca_schedule_analytics_page.dart,PASS,FOUNDATION_PASS,0,0,0,0,0,0,0,0,0,
SC-174,174,DCAPortfolioOptimizer,/dca/portfolio-optimizer,dca,PASS,FOUNDATION_PASS,READY_FOR_VISUAL_AUDIT,flutter_app/lib/features/dca/presentation/dca_portfolio_optimizer_page.dart,PASS,FOUNDATION_PASS,0,0,0,0,0,0,0,0,0,
SC-175,175,DCADynamicAmount,/dca/dynamic-amount,dca,PASS,FOUNDATION_PASS,READY_FOR_VISUAL_AUDIT,flutter_app/lib/features/dca/presentation/dca_dynamic_amount_page.dart,PASS,FOUNDATION_PASS,0,0,0,0,0,0,0,0,0,
SC-176,176,DCABacktesterPage,/dca/backtester,dca,PASS,FOUNDATION_PASS,READY_FOR_VISUAL_AUDIT,flutter_app/lib/features/dca/presentation/dca_backtester_page.dart,PASS,FOUNDATION_PASS,0,0,0,0,0,0,0,0,0,
SC-177,177,DCAMultiAssetPage,/dca/multi-asset,dca,PASS,FOUNDATION_PASS,READY_FOR_VISUAL_AUDIT,flutter_app/lib/features/dca/presentation/dca_multi_asset_page.dart,PASS,FOUNDATION_PASS,0,0,0,0,0,0,0,0,0,
SC-178,178,DCAPerformanceComparePage,/dca/performance-compare,dca,PASS,FOUNDATION_PASS,READY_FOR_VISUAL_AUDIT,flutter_app/lib/features/dca/presentation/dca_performance_compare_page.dart,PASS,FOUNDATION_PASS,0,0,0,0,0,0,0,0,0,
SC-179,179,DCASmartRulesPage,/dca/smart-rules,dca,PASS,FOUNDATION_PASS,READY_FOR_VISUAL_AUDIT,flutter_app/lib/features/dca/presentation/dca_smart_rules_page.dart,PASS,FOUNDATION_PASS,0,0,0,0,0,0,0,0,0,
SC-180,180,AdminHome,/admin,admin,PASS,FOUNDATION_PASS,READY_FOR_VISUAL_AUDIT,flutter_app/lib/features/admin/presentation/admin_home.dart,PASS,FOUNDATION_PASS,0,0,0,0,0,0,0,0,0,
SC-181,181,AnalyticsDashboard,/admin/analytics,admin,PASS,FOUNDATION_PASS,READY_FOR_VISUAL_AUDIT,flutter_app/lib/features/admin/presentation/analytics_dashboard.dart,PASS,FOUNDATION_PASS,0,0,0,0,0,0,0,0,0,
SC-182,182,ABTestDashboard,/admin/abtests,admin,PASS,FOUNDATION_PASS,READY_FOR_VISUAL_AUDIT,flutter_app/lib/features/admin/presentation/ab_test_dashboard.dart,PASS,FOUNDATION_PASS,0,0,0,0,0,0,0,0,0,
SC-183,183,FunnelDashboard,/admin/funnels,admin,PASS,FOUNDATION_PASS,READY_FOR_VISUAL_AUDIT,flutter_app/lib/features/admin/presentation/funnel_dashboard.dart,PASS,FOUNDATION_PASS,0,0,0,0,0,0,0,0,0,
SC-184,184,ArenaHomePage,/arena,arena,PASS,MODULE_ACCENT_PASS,READY_FOR_VISUAL_AUDIT,flutter_app/lib/features/arena/presentation/arena_home_page.dart,PASS,MODULE_ACCENT_PASS,0,0,0,0,0,0,0,0,0,
SC-185,185,ArenaStudioPage,/arena/studio,arena,PASS,MODULE_ACCENT_PASS,READY_FOR_VISUAL_AUDIT,flutter_app/lib/features/arena/presentation/arena_studio_page.dart,PASS,MODULE_ACCENT_PASS,0,0,0,0,0,0,0,0,0,
SC-186,186,ArenaSmartRuleBuilderPage,/arena/studio/smart-rules,arena,PASS,MODULE_ACCENT_PASS,READY_FOR_VISUAL_AUDIT,flutter_app/lib/features/arena/presentation/arena_smart_rule_builder_page.dart,PASS,MODULE_ACCENT_PASS,0,0,0,0,0,0,0,0,0,
SC-187,187,ArenaUniversalPresetLibraryPage,/arena/studio/presets,arena,PASS,MODULE_ACCENT_PASS,READY_FOR_VISUAL_AUDIT,flutter_app/lib/features/arena/presentation/arena_universal_preset_library_page.dart,PASS,MODULE_ACCENT_PASS,0,0,0,0,0,0,0,0,0,
SC-188,188,ArenaGovernanceGatePage,/arena/studio/governance,arena,PASS,MODULE_ACCENT_PASS,READY_FOR_VISUAL_AUDIT,flutter_app/lib/features/arena/presentation/arena_governance_gate_page.dart,PASS,MODULE_ACCENT_PASS,0,0,0,0,0,0,0,0,0,
SC-189,189,ArenaModeDetailPage,/arena/mode/mode001,arena,PASS,MODULE_ACCENT_PASS,READY_FOR_VISUAL_AUDIT,flutter_app/lib/features/arena/presentation/arena_mode_detail_page.dart,PASS,MODULE_ACCENT_PASS,0,0,0,0,0,0,0,0,0,
SC-190,190,ArenaChallengeDetailPage,/arena/challenge/ch003,arena,PASS,MODULE_ACCENT_PASS,READY_FOR_VISUAL_AUDIT,flutter_app/lib/features/arena/presentation/arena_challenge_detail_page.dart,PASS,MODULE_ACCENT_PASS,0,0,0,0,0,0,0,0,0,
SC-191,191,ArenaJoinPage,/arena/join/ch003,arena,PASS,MODULE_ACCENT_PASS,READY_FOR_VISUAL_AUDIT,flutter_app/lib/features/arena/presentation/arena_join_page.dart,PASS,MODULE_ACCENT_PASS,0,0,0,0,0,0,0,0,0,
SC-192,192,ArenaResolutionCenterPage,/arena/resolution,arena,PASS,FOUNDATION_PASS,READY_FOR_VISUAL_AUDIT,flutter_app/lib/features/arena/presentation/arena_resolution_center_page.dart,PASS,FOUNDATION_PASS,0,0,0,0,0,0,0,0,0,
SC-193,193,ArenaCreatorPage,/arena/creator/cr001,arena,PASS,MODULE_ACCENT_PASS,READY_FOR_VISUAL_AUDIT,flutter_app/lib/features/arena/presentation/arena_creator_page.dart,PASS,MODULE_ACCENT_PASS,0,0,0,0,0,0,0,0,0,
SC-194,194,ArenaLeaderboardPage,/arena/leaderboard,arena,PASS,MODULE_ACCENT_PASS,READY_FOR_VISUAL_AUDIT,flutter_app/lib/features/arena/presentation/arena_leaderboard_page.dart,PASS,MODULE_ACCENT_PASS,0,0,0,0,0,0,0,0,0,
SC-195,195,VerifiedChallengesPage,/arena/verified,arena,PASS,FOUNDATION_PASS,READY_FOR_VISUAL_AUDIT,flutter_app/lib/features/arena/presentation/verified_challenges_page.dart,PASS,FOUNDATION_PASS,0,0,0,0,0,0,0,0,0,
SC-196,196,ArenaPointsPage,/arena/points,arena,PASS,MODULE_ACCENT_PASS,READY_FOR_VISUAL_AUDIT,flutter_app/lib/features/arena/presentation/arena_points_page.dart,PASS,MODULE_ACCENT_PASS,0,0,0,0,0,0,0,0,0,
SC-197,197,ArenaFlowMapPage,/arena/flow-map,arena,PASS,MODULE_ACCENT_PASS,READY_FOR_VISUAL_AUDIT,flutter_app/lib/features/arena/presentation/arena_flow_map_page.dart,PASS,MODULE_ACCENT_PASS,0,0,0,0,0,0,0,0,0,
SC-198,198,ArenaSafetyCenterPage,/arena/safety,arena,PASS,MODULE_ACCENT_PASS,READY_FOR_VISUAL_AUDIT,flutter_app/lib/features/arena/presentation/arena_safety_center_page.dart,PASS,MODULE_ACCENT_PASS,0,0,0,0,0,0,0,0,0,
SC-199,199,ArenaTrustBreakdownPage,/arena/trust/user001,arena,PASS,MODULE_ACCENT_PASS,READY_FOR_VISUAL_AUDIT,flutter_app/lib/features/arena/presentation/arena_trust_breakdown_page.dart,PASS,MODULE_ACCENT_PASS,0,0,0,0,0,0,0,0,0,
SC-200,200,ArenaPointsEntryDetailPage,/arena/ledger/entry/entry001,arena,PASS,FOUNDATION_PASS,READY_FOR_VISUAL_AUDIT,flutter_app/lib/features/arena/presentation/arena_points_entry_detail_page.dart,PASS,FOUNDATION_PASS,0,0,0,0,0,0,0,0,0,
SC-201,201,ArenaPointsLedgerPage,/arena/ledger,arena,PASS,FOUNDATION_PASS,READY_FOR_VISUAL_AUDIT,flutter_app/lib/features/arena/presentation/arena_points_ledger_page.dart,PASS,FOUNDATION_PASS,0,0,0,0,0,0,0,0,0,
SC-202,202,ArenaReportCasePage,/arena/report/case001,arena,PASS,FOUNDATION_PASS,READY_FOR_VISUAL_AUDIT,flutter_app/lib/features/arena/presentation/arena_report_case_page.dart,PASS,FOUNDATION_PASS,0,0,0,0,0,0,0,0,0,
SC-203,203,ArenaBlockedUsersPage,/arena/blocked,arena,PASS,FOUNDATION_PASS,READY_FOR_VISUAL_AUDIT,flutter_app/lib/features/arena/presentation/arena_blocked_users_page.dart,PASS,FOUNDATION_PASS,0,0,0,0,0,0,0,0,0,
SC-204,204,MyArenaReportsPage,/arena/my-reports,arena,PASS,FOUNDATION_PASS,READY_FOR_VISUAL_AUDIT,flutter_app/lib/features/arena/presentation/my_arena_reports_page.dart,PASS,FOUNDATION_PASS,0,0,0,0,0,0,0,0,0,
SC-205,205,MyArenaPage,/arena/my,arena,PASS,MODULE_ACCENT_PASS,READY_FOR_VISUAL_AUDIT,flutter_app/lib/features/arena/presentation/my_arena_page.dart,PASS,MODULE_ACCENT_PASS,0,0,0,0,0,0,0,0,0,
SC-206,206,ArenaProductionReadyPage,/arena/production,arena,PASS,MODULE_ACCENT_PASS,READY_FOR_VISUAL_AUDIT,flutter_app/lib/features/arena/presentation/arena_production_ready_page.dart,PASS,MODULE_ACCENT_PASS,0,0,0,0,0,0,0,0,0,
SC-207,207,ArenaPredictionBridgeFoundationPage,/arena/bridge,arena,PASS,MODULE_ACCENT_PASS,READY_FOR_VISUAL_AUDIT,flutter_app/lib/features/arena/presentation/arena_prediction_bridge_foundation_page.dart,PASS,MODULE_ACCENT_PASS,0,0,0,0,0,0,0,0,0,
SC-208,208,ConnectedEcosystemProductionPage,/arena/ecosystem,arena,PASS,MODULE_ACCENT_PASS,READY_FOR_VISUAL_AUDIT,flutter_app/lib/features/arena/presentation/connected_ecosystem_production_page.dart,PASS,MODULE_ACCENT_PASS,0,0,0,0,0,0,0,0,0,
SC-209,209,ArenaGuidePage,/arena/guide,arena,PASS,MODULE_ACCENT_PASS,READY_FOR_VISUAL_AUDIT,flutter_app/lib/features/arena/presentation/arena_guide_page.dart,PASS,MODULE_ACCENT_PASS,0,0,0,0,0,0,0,0,0,
SC-210,210,P2PExpressConfirmPage,/p2p/express/confirm,p2p,PASS,FOUNDATION_PASS,READY_FOR_VISUAL_AUDIT,flutter_app/lib/features/p2p/presentation/p2p_express_confirm_page.dart,PASS,FOUNDATION_PASS,0,0,0,0,0,0,0,0,0,
SC-211,211,P2PExpressPage,/p2p/express,p2p,PASS,FOUNDATION_PASS,READY_FOR_VISUAL_AUDIT,flutter_app/lib/features/p2p/presentation/p2p_express_page.dart,PASS,FOUNDATION_PASS,0,0,0,0,0,0,0,0,0,
SC-212,212,P2POrderTimelinePage,/p2p/order/timeline/p2p001,p2p,PASS,FOUNDATION_PASS,READY_FOR_VISUAL_AUDIT,flutter_app/lib/features/p2p/presentation/p2p_order_timeline_page.dart,PASS,FOUNDATION_PASS,0,0,0,0,0,0,0,0,0,
SC-213,213,P2POrderRatePage,/p2p/order/rate/p2p001,p2p,PASS,FOUNDATION_PASS,READY_FOR_VISUAL_AUDIT,flutter_app/lib/features/p2p/presentation/p2p_order_rate_page.dart,PASS,FOUNDATION_PASS,0,0,0,0,0,0,0,0,0,
SC-214,214,P2POrderCancelPage,/p2p/order/cancel/p2p001,p2p,PASS,FOUNDATION_PASS,READY_FOR_VISUAL_AUDIT,flutter_app/lib/features/p2p/presentation/p2p_order_cancel_page.dart,PASS,FOUNDATION_PASS,0,0,0,0,0,0,0,0,0,
SC-215,215,P2POrderProofPage,/p2p/order/proof/p2p001,p2p,PASS,FOUNDATION_PASS,READY_FOR_VISUAL_AUDIT,flutter_app/lib/features/p2p/presentation/p2p_order_proof_page.dart,PASS,FOUNDATION_PASS,0,0,0,0,0,0,0,0,0,
SC-216,216,P2POrderPage,/p2p/order/p2p001,p2p,PASS,MODULE_ACCENT_PASS,READY_FOR_VISUAL_AUDIT,flutter_app/lib/features/p2p/presentation/p2p_order_page.dart,PASS,MODULE_ACCENT_PASS,0,0,0,0,0,0,0,0,0,
SC-217,217,P2PChatPage,/p2p/chat/p2p001,p2p,PASS,MODULE_ACCENT_PASS,READY_FOR_VISUAL_AUDIT,flutter_app/lib/features/p2p/presentation/p2p_chat_page.dart,PASS,MODULE_ACCENT_PASS,0,0,0,0,0,0,0,0,0,
SC-218,218,P2PDisputeDetailPage,/p2p/dispute/detail/sample,p2p,PASS,MODULE_ACCENT_PASS,READY_FOR_VISUAL_AUDIT,flutter_app/lib/features/p2p/presentation/p2p_dispute_detail_page.dart,PASS,MODULE_ACCENT_PASS,0,0,0,0,0,0,0,0,0,
SC-219,219,P2PDisputeEvidencePage,/p2p/dispute/evidence/sample,p2p,PASS,MODULE_ACCENT_PASS,READY_FOR_VISUAL_AUDIT,flutter_app/lib/features/p2p/presentation/p2p_dispute_evidence_page.dart,PASS,MODULE_ACCENT_PASS,0,0,0,0,0,0,0,0,0,
SC-220,220,P2PDisputeResolutionPage,/p2p/dispute/resolution/sample,p2p,PASS,FOUNDATION_PASS,READY_FOR_VISUAL_AUDIT,flutter_app/lib/features/p2p/presentation/p2p_dispute_resolution_page.dart,PASS,FOUNDATION_PASS,0,0,0,0,0,0,0,0,0,
SC-221,221,P2PDisputePage,/p2p/dispute/p2p001,p2p,PASS,FOUNDATION_PASS,READY_FOR_VISUAL_AUDIT,flutter_app/lib/features/p2p/presentation/p2p_dispute_page.dart,PASS,FOUNDATION_PASS,0,0,0,0,0,0,0,0,0,
SC-222,222,P2PDisputesPage,/p2p/disputes,p2p,PASS,MODULE_ACCENT_PASS,READY_FOR_VISUAL_AUDIT,flutter_app/lib/features/p2p/presentation/p2p_disputes_page.dart,PASS,MODULE_ACCENT_PASS,0,0,0,0,0,0,0,0,0,
SC-223,223,P2PAdAnalyticsPage,/p2p/ad-analytics/sample,p2p,PASS,MODULE_ACCENT_PASS,READY_FOR_VISUAL_AUDIT,flutter_app/lib/features/p2p/presentation/p2p_ad_analytics_page.dart,PASS,MODULE_ACCENT_PASS,0,0,0,0,0,0,0,0,0,
SC-224,224,P2PAdDetailPage,/p2p/ad/sample,p2p,PASS,MODULE_ACCENT_PASS,READY_FOR_VISUAL_AUDIT,flutter_app/lib/features/p2p/presentation/p2p_ad_detail_page.dart,PASS,MODULE_ACCENT_PASS,0,0,0,0,0,0,0,0,0,
SC-225,225,P2PMyAdsPage,/p2p/my-ads,p2p,PASS,MODULE_ACCENT_PASS,READY_FOR_VISUAL_AUDIT,flutter_app/lib/features/p2p/presentation/p2p_my_ads_page.dart,PASS,MODULE_ACCENT_PASS,0,0,0,0,0,0,0,0,0,
SC-226,226,P2PCreateAdPage,/p2p/create,p2p,PASS,FOUNDATION_PASS,READY_FOR_VISUAL_AUDIT,flutter_app/lib/features/p2p/presentation/p2p_create_ad_page.dart,PASS,FOUNDATION_PASS,0,0,0,0,0,0,0,0,0,
SC-227,227,P2PMerchantApplyPage,/p2p/merchant-apply,p2p,PASS,MODULE_ACCENT_PASS,READY_FOR_VISUAL_AUDIT,flutter_app/lib/features/p2p/presentation/p2p_merchant_apply_page.dart,PASS,MODULE_ACCENT_PASS,0,0,0,0,0,0,0,0,0,
SC-228,228,P2PMerchantProfilePage,/p2p/merchant/mc001,p2p,PASS,MODULE_ACCENT_PASS,READY_FOR_VISUAL_AUDIT,flutter_app/lib/features/p2p/presentation/p2p_merchant_profile_page.dart,PASS,MODULE_ACCENT_PASS,0,0,0,0,0,0,0,0,0,
SC-229,229,P2PReportMerchantPage,/p2p/report/mc001,p2p,PASS,MODULE_ACCENT_PASS,READY_FOR_VISUAL_AUDIT,flutter_app/lib/features/p2p/presentation/p2p_report_merchant_page.dart,PASS,MODULE_ACCENT_PASS,0,0,0,0,0,0,0,0,0,
SC-230,230,P2PTradingLevelPage,/p2p/trading-level,p2p,PASS,FOUNDATION_PASS,READY_FOR_VISUAL_AUDIT,flutter_app/lib/features/p2p/presentation/p2p_trading_level_page.dart,PASS,FOUNDATION_PASS,0,0,0,0,0,0,0,0,0,
SC-231,231,P2PReviewsPage,/p2p/reviews,p2p,PASS,MODULE_ACCENT_PASS,READY_FOR_VISUAL_AUDIT,flutter_app/lib/features/p2p/presentation/p2p_reviews_page.dart,PASS,MODULE_ACCENT_PASS,0,0,0,0,0,0,0,0,0,
SC-232,232,P2PPaymentMethodAddPage,/p2p/payment-method/add,p2p,PASS,MODULE_ACCENT_PASS,READY_FOR_VISUAL_AUDIT,flutter_app/lib/features/p2p/presentation/p2p_payment_method_add_page.dart,PASS,MODULE_ACCENT_PASS,0,0,0,0,0,0,0,0,0,
SC-233,233,P2PPaymentMethodVerificationPage,/p2p/payment-method/verification/sample,p2p,PASS,MODULE_ACCENT_PASS,READY_FOR_VISUAL_AUDIT,flutter_app/lib/features/p2p/presentation/p2p_payment_method_verification_page.dart,PASS,MODULE_ACCENT_PASS,0,0,0,0,0,0,0,0,0,
SC-234,234,P2PPaymentMethodOwnershipPage,/p2p/payment-method/ownership/sample,p2p,PASS,MODULE_ACCENT_PASS,READY_FOR_VISUAL_AUDIT,flutter_app/lib/features/p2p/presentation/p2p_payment_method_ownership_page.dart,PASS,MODULE_ACCENT_PASS,0,0,0,0,0,0,0,0,0,
SC-235,235,P2PPaymentMethodCoolingPeriodPage,/p2p/payment-method/cooling-period,p2p,PASS,MODULE_ACCENT_PASS,READY_FOR_VISUAL_AUDIT,flutter_app/lib/features/p2p/presentation/p2p_payment_method_cooling_period_page.dart,PASS,MODULE_ACCENT_PASS,0,0,0,0,0,0,0,0,0,
SC-236,236,P2PPaymentMethodHistoryPage,/p2p/payment-method/history,p2p,PASS,FOUNDATION_PASS,READY_FOR_VISUAL_AUDIT,flutter_app/lib/features/p2p/presentation/p2p_payment_method_history_page.dart,PASS,FOUNDATION_PASS,0,0,0,0,0,0,0,0,0,
SC-237,237,P2PPaymentMethodsPage,/p2p/payment-methods,p2p,PASS,MODULE_ACCENT_PASS,READY_FOR_VISUAL_AUDIT,flutter_app/lib/features/p2p/presentation/p2p_payment_methods_page.dart,PASS,MODULE_ACCENT_PASS,0,0,0,0,0,0,0,0,0,
SC-238,238,P2PInsuranceFundPage,/p2p/insurance,p2p,PASS,MODULE_ACCENT_PASS,READY_FOR_VISUAL_AUDIT,flutter_app/lib/features/p2p/presentation/p2p_insurance_fund_page.dart,PASS,MODULE_ACCENT_PASS,0,0,0,0,0,0,0,0,0,
SC-239,239,P2PInsuranceCertificatePage,/p2p/insurance/certificate,p2p,PASS,MODULE_ACCENT_PASS,READY_FOR_VISUAL_AUDIT,flutter_app/lib/features/p2p/presentation/p2p_insurance_certificate_page.dart,PASS,MODULE_ACCENT_PASS,0,0,0,0,0,0,0,0,0,
SC-240,240,P2PInsuranceScorePage,/p2p/insurance/score,p2p,PASS,MODULE_ACCENT_PASS,READY_FOR_VISUAL_AUDIT,flutter_app/lib/features/p2p/presentation/p2p_insurance_score_page.dart,PASS,MODULE_ACCENT_PASS,0,0,0,0,0,0,0,0,0,
SC-241,241,P2PInsurancePolicyPage,/p2p/insurance/policy,p2p,PASS,MODULE_ACCENT_PASS,READY_FOR_VISUAL_AUDIT,flutter_app/lib/features/p2p/presentation/p2p_insurance_policy_page.dart,PASS,MODULE_ACCENT_PASS,0,0,0,0,0,0,0,0,0,
SC-242,242,P2PContributionHistoryPage,/p2p/insurance/contribution-history,p2p,PASS,MODULE_ACCENT_PASS,READY_FOR_VISUAL_AUDIT,flutter_app/lib/features/p2p/presentation/p2p_contribution_history_page.dart,PASS,MODULE_ACCENT_PASS,0,0,0,0,0,0,0,0,0,
SC-243,243,P2PClaimDetailPage,/p2p/insurance/claim/sample,p2p,PASS,MODULE_ACCENT_PASS,READY_FOR_VISUAL_AUDIT,flutter_app/lib/features/p2p/presentation/p2p_claim_detail_page.dart,PASS,MODULE_ACCENT_PASS,0,0,0,0,0,0,0,0,0,
SC-244,244,P2PInsuranceFundPage,/p2p/insurance-fund,p2p,PASS,MODULE_ACCENT_PASS,READY_FOR_VISUAL_AUDIT,flutter_app/lib/features/p2p/presentation/p2p_insurance_fund_page.dart,PASS,MODULE_ACCENT_PASS,0,0,0,0,0,0,0,0,0,
SC-245,245,P2PEscrowBalancePage,/p2p/escrow/balance,p2p,PASS,MODULE_ACCENT_PASS,READY_FOR_VISUAL_AUDIT,flutter_app/lib/features/p2p/presentation/p2p_escrow_balance_page.dart,PASS,MODULE_ACCENT_PASS,0,0,0,0,0,0,0,0,0,
SC-246,246,P2PEscrowDetailPage,/p2p/escrow/p2p001,p2p,PASS,MODULE_ACCENT_PASS,READY_FOR_VISUAL_AUDIT,flutter_app/lib/features/p2p/presentation/p2p_escrow_detail_page.dart,PASS,MODULE_ACCENT_PASS,0,0,0,0,0,0,0,0,0,
SC-247,247,P2PKYCRequirementsPage,/p2p/kyc/requirements,p2p,PASS,MODULE_ACCENT_PASS,READY_FOR_VISUAL_AUDIT,flutter_app/lib/features/p2p/presentation/p2p_kyc_requirements_page.dart,PASS,MODULE_ACCENT_PASS,0,0,0,0,0,0,0,0,0,
SC-248,248,P2PKYCStatusPage,/p2p/kyc/status,p2p,PASS,MODULE_ACCENT_PASS,READY_FOR_VISUAL_AUDIT,flutter_app/lib/features/p2p/presentation/p2p_kyc_status_page.dart,PASS,MODULE_ACCENT_PASS,0,0,0,0,0,0,0,0,0,
SC-249,249,P2PIdentityVerificationPage,/p2p/kyc/identity,p2p,PASS,MODULE_ACCENT_PASS,READY_FOR_VISUAL_AUDIT,flutter_app/lib/features/p2p/presentation/p2p_identity_verification_page.dart,PASS,MODULE_ACCENT_PASS,0,0,0,0,0,0,0,0,0,
SC-250,250,P2PAddressProofPage,/p2p/kyc/address,p2p,PASS,MODULE_ACCENT_PASS,READY_FOR_VISUAL_AUDIT,flutter_app/lib/features/p2p/presentation/p2p_address_proof_page.dart,PASS,MODULE_ACCENT_PASS,0,0,0,0,0,0,0,0,0,
SC-251,251,P2PSelfieVerificationPage,/p2p/kyc/selfie,p2p,PASS,MODULE_ACCENT_PASS,READY_FOR_VISUAL_AUDIT,flutter_app/lib/features/p2p/presentation/p2p_selfie_verification_page.dart,PASS,MODULE_ACCENT_PASS,0,0,0,0,0,0,0,0,0,
SC-252,252,P2PVideoVerificationPage,/p2p/kyc/video,p2p,PASS,MODULE_ACCENT_PASS,READY_FOR_VISUAL_AUDIT,flutter_app/lib/features/p2p/presentation/p2p_video_verification_page.dart,PASS,MODULE_ACCENT_PASS,0,0,0,0,0,0,0,0,0,
SC-253,253,P2PSecurityCenterPage,/p2p/security/center,p2p,PASS,MODULE_ACCENT_PASS,READY_FOR_VISUAL_AUDIT,flutter_app/lib/features/p2p/presentation/p2p_security_center_page.dart,PASS,MODULE_ACCENT_PASS,0,0,0,0,0,0,0,0,0,
SC-254,254,P2P2FASettingsPage,/p2p/security/2fa,p2p,PASS,MODULE_ACCENT_PASS,READY_FOR_VISUAL_AUDIT,flutter_app/lib/features/p2p/presentation/p2p_2fa_settings_page.dart,PASS,MODULE_ACCENT_PASS,0,0,0,0,0,0,0,0,0,
SC-255,255,P2PDeviceManagementPage,/p2p/security/devices,p2p,PASS,MODULE_ACCENT_PASS,READY_FOR_VISUAL_AUDIT,flutter_app/lib/features/p2p/presentation/p2p_device_management_page.dart,PASS,MODULE_ACCENT_PASS,0,0,0,0,0,0,0,0,0,
SC-256,256,P2PAntiPhishingCodePage,/p2p/security/anti-phishing,p2p,PASS,MODULE_ACCENT_PASS,READY_FOR_VISUAL_AUDIT,flutter_app/lib/features/p2p/presentation/p2p_anti_phishing_code_page.dart,PASS,MODULE_ACCENT_PASS,0,0,0,0,0,0,0,0,0,
SC-257,257,P2PLoginHistoryPage,/p2p/security/login-history,p2p,PASS,MODULE_ACCENT_PASS,READY_FOR_VISUAL_AUDIT,flutter_app/lib/features/p2p/presentation/p2p_login_history_page.dart,PASS,MODULE_ACCENT_PASS,0,0,0,0,0,0,0,0,0,
SC-258,258,P2PSuspiciousActivityPage,/p2p/security/suspicious-activity,p2p,PASS,MODULE_ACCENT_PASS,READY_FOR_VISUAL_AUDIT,flutter_app/lib/features/p2p/presentation/p2p_suspicious_activity_page.dart,PASS,MODULE_ACCENT_PASS,0,0,0,0,0,0,0,0,0,
SC-259,259,P2PE2EInfoPage,/p2p/e2e-info,p2p,PASS,MODULE_ACCENT_PASS,READY_FOR_VISUAL_AUDIT,flutter_app/lib/features/p2p/presentation/p2p_e2e_info_page.dart,PASS,MODULE_ACCENT_PASS,0,0,0,0,0,0,0,0,0,
SC-260,260,P2PFraudPreventionPage,/p2p/fraud-prevention,p2p,PASS,MODULE_ACCENT_PASS,READY_FOR_VISUAL_AUDIT,flutter_app/lib/features/p2p/presentation/p2p_fraud_prevention_page.dart,PASS,MODULE_ACCENT_PASS,0,0,0,0,0,0,0,0,0,
SC-261,261,P2PWalletTransferPage,/p2p/wallet/transfer,p2p,PASS,MODULE_ACCENT_PASS,READY_FOR_VISUAL_AUDIT,flutter_app/lib/features/p2p/presentation/p2p_wallet_transfer_page.dart,PASS,MODULE_ACCENT_PASS,0,0,0,0,0,0,0,0,0,
SC-262,262,P2PFundLockHistoryPage,/p2p/wallet/fund-lock-history,p2p,PASS,MODULE_ACCENT_PASS,READY_FOR_VISUAL_AUDIT,flutter_app/lib/features/p2p/presentation/p2p_fund_lock_history_page.dart,PASS,MODULE_ACCENT_PASS,0,0,0,0,0,0,0,0,0,
SC-263,263,P2PFundLockHistoryPage,/p2p/wallet/history,p2p,PASS,MODULE_ACCENT_PASS,READY_FOR_VISUAL_AUDIT,flutter_app/lib/features/p2p/presentation/p2p_fund_lock_history_page.dart,PASS,MODULE_ACCENT_PASS,0,0,0,0,0,0,0,0,0,
SC-264,264,P2PWalletPage,/p2p/wallet,p2p,PASS,MODULE_ACCENT_PASS,READY_FOR_VISUAL_AUDIT,flutter_app/lib/features/p2p/presentation/p2p_wallet_page.dart,PASS,MODULE_ACCENT_PASS,0,0,0,0,0,0,0,0,0,
SC-265,265,P2PLimitTrackerPage,/p2p/limits/tracker,p2p,PASS,MODULE_ACCENT_PASS,READY_FOR_VISUAL_AUDIT,flutter_app/lib/features/p2p/presentation/p2p_limit_tracker_page.dart,PASS,MODULE_ACCENT_PASS,0,0,0,0,0,0,0,0,0,
SC-266,266,P2PTransactionLimitsPage,/p2p/limits,p2p,PASS,MODULE_ACCENT_PASS,READY_FOR_VISUAL_AUDIT,flutter_app/lib/features/p2p/presentation/p2p_transaction_limits_page.dart,PASS,MODULE_ACCENT_PASS,0,0,0,0,0,0,0,0,0,
SC-267,267,P2PComplianceOverviewPage,/p2p/compliance/overview,p2p,PASS,FOUNDATION_PASS,READY_FOR_VISUAL_AUDIT,flutter_app/lib/features/p2p/presentation/p2p_compliance_overview_page.dart,PASS,FOUNDATION_PASS,0,0,0,0,0,0,0,0,0,
SC-268,268,P2PAMLScreeningPage,/p2p/compliance/aml-screening,p2p,PASS,MODULE_ACCENT_PASS,READY_FOR_VISUAL_AUDIT,flutter_app/lib/features/p2p/presentation/p2p_aml_screening_page.dart,PASS,MODULE_ACCENT_PASS,0,0,0,0,0,0,0,0,0,
SC-269,269,P2PSourceOfFundsPage,/p2p/compliance/source-of-funds,p2p,PASS,MODULE_ACCENT_PASS,READY_FOR_VISUAL_AUDIT,flutter_app/lib/features/p2p/presentation/p2p_source_of_funds_page.dart,PASS,MODULE_ACCENT_PASS,0,0,0,0,0,0,0,0,0,
SC-270,270,P2PLargeTransactionJustificationPage,/p2p/compliance/large-transaction,p2p,PASS,MODULE_ACCENT_PASS,READY_FOR_VISUAL_AUDIT,flutter_app/lib/features/p2p/presentation/p2p_large_transaction_justification_page.dart,PASS,MODULE_ACCENT_PASS,0,0,0,0,0,0,0,0,0,
SC-271,271,P2PRiskAssessmentPage,/p2p/compliance/risk-assessment,p2p,PASS,MODULE_ACCENT_PASS,READY_FOR_VISUAL_AUDIT,flutter_app/lib/features/p2p/presentation/p2p_risk_assessment_page.dart,PASS,MODULE_ACCENT_PASS,0,0,0,0,0,0,0,0,0,
SC-272,272,P2PTaxReportingPage,/p2p/tax-reporting,p2p,PASS,FOUNDATION_PASS,READY_FOR_VISUAL_AUDIT,flutter_app/lib/features/p2p/presentation/p2p_tax_reporting_page.dart,PASS,FOUNDATION_PASS,0,0,0,0,0,0,0,0,0,
SC-273,273,P2POrderBookPage,/p2p/order-book,p2p,PASS,MODULE_ACCENT_PASS,READY_FOR_VISUAL_AUDIT,flutter_app/lib/features/p2p/presentation/p2p_order_book_page.dart,PASS,MODULE_ACCENT_PASS,0,0,0,0,0,0,0,0,0,
SC-274,274,P2PDashboardPage,/p2p/dashboard,p2p,PASS,MODULE_ACCENT_PASS,READY_FOR_VISUAL_AUDIT,flutter_app/lib/features/p2p/presentation/p2p_dashboard_page.dart,PASS,MODULE_ACCENT_PASS,0,0,0,0,0,0,0,0,0,
SC-275,275,P2PAchievementsPage,/p2p/achievements,p2p,PASS,MODULE_ACCENT_PASS,READY_FOR_VISUAL_AUDIT,flutter_app/lib/features/p2p/presentation/p2p_achievements_page.dart,PASS,MODULE_ACCENT_PASS,0,0,0,0,0,0,0,0,0,
SC-276,276,P2PBlacklistAddPage,/p2p/blacklist/add,p2p,PASS,FOUNDATION_PASS,READY_FOR_VISUAL_AUDIT,flutter_app/lib/features/p2p/presentation/p2p_blacklist_add_page.dart,PASS,FOUNDATION_PASS,0,0,0,0,0,0,0,0,0,
SC-277,277,P2PBlacklistPage,/p2p/blacklist,p2p,PASS,FOUNDATION_PASS,READY_FOR_VISUAL_AUDIT,flutter_app/lib/features/p2p/presentation/p2p_blacklist_page.dart,PASS,FOUNDATION_PASS,0,0,0,0,0,0,0,0,0,
SC-278,278,P2PNotificationsSettingsPage,/p2p/settings/notifications,p2p,PASS,FOUNDATION_PASS,READY_FOR_VISUAL_AUDIT,flutter_app/lib/features/p2p/presentation/p2p_notifications_settings_page.dart,PASS,FOUNDATION_PASS,0,0,0,0,0,0,0,0,0,
SC-279,279,P2PSettingsPage,/p2p/settings,p2p,PASS,FOUNDATION_PASS,READY_FOR_VISUAL_AUDIT,flutter_app/lib/features/p2p/presentation/p2p_settings_page.dart,PASS,FOUNDATION_PASS,0,0,0,0,0,0,0,0,0,
SC-280,280,P2PGuidePage,/p2p/guide,p2p,PASS,MODULE_ACCENT_PASS,READY_FOR_VISUAL_AUDIT,flutter_app/lib/features/p2p/presentation/p2p_guide_page.dart,PASS,MODULE_ACCENT_PASS,0,0,0,0,0,0,0,0,0,
SC-281,281,P2PMyOrdersPage,/p2p/my-orders,p2p,PASS,MODULE_ACCENT_PASS,READY_FOR_VISUAL_AUDIT,flutter_app/lib/features/p2p/presentation/p2p_my_orders_page.dart,PASS,MODULE_ACCENT_PASS,0,0,0,0,0,0,0,0,0,
SC-282,282,P2PHomePage,/p2p,p2p,PASS,MODULE_ACCENT_PASS,READY_FOR_VISUAL_AUDIT,flutter_app/lib/features/p2p/presentation/p2p_home_page.dart,PASS,MODULE_ACCENT_PASS,0,0,0,0,0,0,0,0,0,
SC-283,283,UnifiedSearchPage,/search,discovery,PASS,MODULE_ACCENT_PASS,READY_FOR_VISUAL_AUDIT,flutter_app/lib/features/discovery/presentation/unified_search_page.dart,PASS,MODULE_ACCENT_PASS,0,0,0,0,0,0,0,0,0,
SC-284,284,TopicHubPage,/topics,discovery,PASS,MODULE_ACCENT_PASS,READY_FOR_VISUAL_AUDIT,flutter_app/lib/features/discovery/presentation/topic_hub_page.dart,PASS,MODULE_ACCENT_PASS,0,0,0,0,0,0,0,0,0,
SC-285,285,TopicHubPage,/topic/crypto,discovery,PASS,MODULE_ACCENT_PASS,READY_FOR_VISUAL_AUDIT,flutter_app/lib/features/discovery/presentation/topic_hub_page.dart,PASS,MODULE_ACCENT_PASS,0,0,0,0,0,0,0,0,0,
SC-286,286,ReferralHistoryPage,/referral/history,referral,PASS,FOUNDATION_PASS,READY_FOR_VISUAL_AUDIT,flutter_app/lib/features/referral/presentation/referral_history_page.dart,PASS,FOUNDATION_PASS,0,0,0,0,0,0,0,0,0,
SC-287,287,ReferralRewardsPage,/referral/rewards,referral,PASS,MODULE_ACCENT_PASS,READY_FOR_VISUAL_AUDIT,flutter_app/lib/features/referral/presentation/referral_rewards_page.dart,PASS,MODULE_ACCENT_PASS,0,0,0,0,0,0,0,0,0,
SC-288,288,ReferralRulesPage,/referral/rules,referral,PASS,MODULE_ACCENT_PASS,READY_FOR_VISUAL_AUDIT,flutter_app/lib/features/referral/presentation/referral_rules_page.dart,PASS,MODULE_ACCENT_PASS,0,0,0,0,0,0,0,0,0,
SC-289,289,ReferralFriendDetailPage,/referral/friend/friend001,referral,PASS,FOUNDATION_PASS,READY_FOR_VISUAL_AUDIT,flutter_app/lib/features/referral/presentation/referral_friend_detail_page.dart,PASS,FOUNDATION_PASS,0,0,0,0,0,0,0,0,0,
SC-290,290,ReferralHomePage,/referral,referral,PASS,MODULE_ACCENT_PASS,READY_FOR_VISUAL_AUDIT,flutter_app/lib/features/referral/presentation/referral_home_page.dart,PASS,MODULE_ACCENT_PASS,0,0,0,0,0,0,0,0,0,
SC-291,291,NotificationsPage,/notifications,notifications,PASS,FOUNDATION_PASS,READY_FOR_VISUAL_AUDIT,flutter_app/lib/features/notifications/presentation/notifications_page.dart,PASS,FOUNDATION_PASS,0,0,0,0,0,0,0,0,0,
SC-292,292,HelpCenterPage,/support/help,support,PASS,MODULE_ACCENT_PASS,READY_FOR_VISUAL_AUDIT,flutter_app/lib/features/support/presentation/help_center_page.dart,PASS,MODULE_ACCENT_PASS,0,0,0,0,0,0,0,0,0,
SC-293,293,AnnouncementsPage,/support/announcements,support,PASS,MODULE_ACCENT_PASS,READY_FOR_VISUAL_AUDIT,flutter_app/lib/features/support/presentation/announcements_page.dart,PASS,MODULE_ACCENT_PASS,0,0,0,0,0,0,0,0,0,
SC-294,294,SupportPage,/support,support,PASS,MODULE_ACCENT_PASS,READY_FOR_VISUAL_AUDIT,flutter_app/lib/features/support/presentation/support_page.dart,PASS,MODULE_ACCENT_PASS,0,0,0,0,0,0,0,0,0,
SC-295,295,LaunchpadPage,/launchpad,launchpad,PASS,MODULE_ACCENT_PASS,READY_FOR_VISUAL_AUDIT,flutter_app/lib/features/launchpad/presentation/launchpad_page.dart,PASS,MODULE_ACCENT_PASS,0,0,0,0,0,0,0,0,0,
SC-296,296,LaunchpadPortfolioPage,/launchpad/portfolio,launchpad,PASS,MODULE_ACCENT_PASS,READY_FOR_VISUAL_AUDIT,flutter_app/lib/features/launchpad/presentation/launchpad_portfolio_page.dart,PASS,MODULE_ACCENT_PASS,0,0,0,0,0,0,0,0,0,
SC-297,297,LaunchpadPerformancePage,/launchpad/performance,launchpad,PASS,MODULE_ACCENT_PASS,READY_FOR_VISUAL_AUDIT,flutter_app/lib/features/launchpad/presentation/launchpad_performance_page.dart,PASS,MODULE_ACCENT_PASS,0,0,0,0,0,0,0,0,0,
SC-298,298,LaunchpadStakingPage,/launchpad/staking,launchpad,PASS,MODULE_ACCENT_PASS,READY_FOR_VISUAL_AUDIT,flutter_app/lib/features/launchpad/presentation/launchpad_staking_page.dart,PASS,MODULE_ACCENT_PASS,0,0,0,0,0,0,0,0,0,
SC-299,299,LaunchpadIDOBridgePage,/launchpad/idobridge/sample,launchpad,PASS,FOUNDATION_PASS,READY_FOR_VISUAL_AUDIT,flutter_app/lib/features/launchpad/presentation/launchpad_ido_bridge_page.dart,PASS,FOUNDATION_PASS,0,0,0,0,0,0,0,0,0,
SC-300,300,LaunchpadContractPage,/launchpad/contract/sample,launchpad,PASS,FOUNDATION_PASS,READY_FOR_VISUAL_AUDIT,flutter_app/lib/features/launchpad/presentation/launchpad_contract_page.dart,PASS,FOUNDATION_PASS,0,0,0,0,0,0,0,0,0,
