name,file_count,files
"_ActionButton",9,"lib/features/dca/presentation/widgets/hub/dca_overview_demo_actions.dart; lib/features/earn/presentation/widgets/staking/staking_audit_reports_bounty_common.dart; lib/features/p2p/presentation/widgets/hub/p2p_home_offer_list.dart; lib/features/p2p/presentation/widgets/security/p2p_device_management_cards.dart; lib/features/trade_compliance/presentation/pages/disclosures/kid_generator_page.dart; lib/features/trade_compliance/presentation/widgets/execution/best_execution_archive_common.dart; lib/features/trade_copy/presentation/widgets/hub/active_copies_expanded_details.dart; lib/features/trade_terminal/presentation/widgets/tools/advanced_trading_demo_page_sections.dart; lib/features/wallet/presentation/widgets/assets/wallet_buy_crypto_result_sections.dart"
"_ActionRow",6,"lib/features/dca/presentation/widgets/hub/dca_overview_demo_actions.dart; lib/features/p2p/presentation/pages/dispute/p2p_claim_detail_page_common.dart; lib/features/p2p/presentation/pages/hub/p2p_express_confirm_page.dart; lib/features/p2p/presentation/pages/orders/p2p_order_cancel_page.dart; lib/features/p2p/presentation/widgets/dispute/p2p_insurance_certificate_page_sections.dart; lib/features/p2p/presentation/widgets/orders/p2p_order_rate_widgets.dart"
"_ActionTile",3,"lib/features/p2p/presentation/widgets/dispute/p2p_dispute_actions_card.dart; lib/features/trade_compliance/presentation/widgets/disclosures/regulatory_disclosures_actions.dart; lib/features/wallet/presentation/widgets/assets/asset_detail_page_sections.dart"
"_ActiveSection",3,"lib/features/arena/presentation/pages/bridge/arena_prediction_bridge_foundation_page_principles_section.dart; lib/features/arena/presentation/pages/bridge/connected_ecosystem_production_page_canonical_states_section.dart; lib/features/arena/presentation/pages/hub/arena_production_ready_page_screens_states_section.dart"
"_ActivityRow",3,"lib/features/p2p/presentation/widgets/hub/p2p_dashboard_row_widgets.dart; lib/features/predictions/presentation/widgets/social/predictions_global_activity_feed_widgets.dart; lib/features/wallet/presentation/widgets/tools/wallet_manager_activity_tab.dart"
"_AlertCard",4,"lib/features/earn/presentation/widgets/savings/savings_notification_preferences_events.dart; lib/features/launchpad/presentation/widgets/tools/launchpad_gas_tracker_alerts.dart; lib/features/markets/presentation/widgets/portfolio/price_alerts_page_details.dart; lib/features/p2p/presentation/pages/security/p2p_suspicious_activity_page.dart"
"_AllocationCard",4,"lib/features/earn/presentation/widgets/savings/savings_portfolio_overview.dart; lib/features/earn/presentation/widgets/staking/staking_multi_chain_page_sections.dart; lib/features/markets/presentation/pages/portfolio/portfolio_tracker_page_overview_widgets.dart; lib/features/trade_bots/presentation/widgets/dashboard/bot_portfolio_dashboard_page_sections.dart"
"_AllocationRow",4,"lib/features/cross_module/presentation/widgets/unified_portfolio_analysis.dart; lib/features/dca/presentation/widgets/portfolio/dca_portfolio_optimizer_comparison_hero.dart; lib/features/earn/presentation/widgets/savings/savings_backtest_results.dart; lib/features/wallet/presentation/widgets/tools/wallet_health_score_cards.dart"
"_AmountCard",3,"lib/features/p2p/presentation/widgets/ads/p2p_ad_detail_amount_terms.dart; lib/features/p2p/presentation/widgets/hub/p2p_express_form_cards.dart; lib/features/wallet/presentation/widgets/assets/wallet_buy_crypto_input_sections.dart"
"_AmountInput",3,"lib/features/earn/presentation/widgets/staking/staking_liquid_staking_swap_fields.dart; lib/features/earn/presentation/widgets/staking/staking_risk_score_inputs.dart; lib/features/p2p/presentation/widgets/wallet/p2p_wallet_transfer_amount.dart"
"_ApiKeyCard",4,"lib/features/earn/presentation/pages/staking/staking_developer_console_page.dart; lib/features/predictions/presentation/widgets/social/prediction_data_integration_keys_webhooks.dart; lib/features/profile/presentation/widgets/api_management_keys.dart; lib/features/trade_bots/presentation/widgets/settings/bot_security_settings_cards.dart"
"_ArenaFooter",3,"lib/features/arena/presentation/pages/hub/arena_home_page_search_and_shared_widgets.dart; lib/features/arena/presentation/pages/hub/my_arena_page_rewards_and_safety.dart; lib/features/arena/presentation/widgets/challenge/arena_leaderboard_rows_footer.dart"
"_AssetAvatar",3,"lib/features/earn/presentation/widgets/staking/staking_analytics_products_tab.dart; lib/features/markets/presentation/widgets/hub/watchlist_cards.dart; lib/features/wallet/presentation/widgets/tools/portfolio_analytics_metrics_assets.dart"
"_AssetBadge",9,"lib/features/earn/presentation/widgets/hub/auto_compound_settings_shared.dart; lib/features/earn/presentation/widgets/savings/savings_dca_common.dart; lib/features/earn/presentation/widgets/savings/savings_home_positions.dart; lib/features/earn/presentation/widgets/savings/savings_recommendations_shared.dart; lib/features/earn/presentation/widgets/savings/savings_risk_assessment_products_common.dart; lib/features/earn/presentation/widgets/savings/savings_what_if_asset_impact.dart; lib/features/earn/presentation/widgets/staking/staking_dashboard_positions.dart; lib/features/earn/presentation/widgets/staking/staking_earn_positions_common.dart; lib/features/launchpad/presentation/widgets/tools/launchpad_rebalance_suggestions.dart"
"_AssetMark",3,"lib/features/p2p/presentation/widgets/hub/p2p_express_page_common.dart; lib/features/p2p/presentation/widgets/wallet/p2p_wallet_balances.dart; lib/features/p2p/presentation/widgets/wallet/p2p_wallet_transfer_form.dart"
"_Avatar",5,"lib/features/earn/presentation/widgets/staking/staking_social_feed_page_sections.dart; lib/features/p2p/presentation/widgets/hub/p2p_dashboard_row_widgets.dart; lib/features/p2p/presentation/widgets/security/p2p_blacklist_entries.dart; lib/features/referral/presentation/pages/referral_home_page_common.dart; lib/features/referral/presentation/widgets/referral_history_page_common.dart"
"_Badge",3,"lib/features/launchpad/presentation/widgets/tools/launchpad_address_book_sheet_common.dart; lib/features/p2p/presentation/widgets/ads/p2p_ad_detail_amount_terms.dart; lib/features/p2p/presentation/widgets/hub/p2p_home_page_common.dart"
"_BalanceCard",4,"lib/features/arena/presentation/widgets/challenge/arena_join_page_sections.dart; lib/features/arena/presentation/widgets/points/arena_points_entry_detail_page_sections.dart; lib/features/p2p/presentation/widgets/wallet/p2p_wallet_balances.dart; lib/features/trade_compliance/presentation/widgets/client_money/client_money_protection_page_sections.dart"
"_BenefitCard",3,"lib/features/earn/presentation/widgets/staking/staking_insurance_overview.dart; lib/features/p2p/presentation/pages/merchant/p2p_merchant_apply_page_state.dart; lib/features/trade_copy/presentation/widgets/provider/provider_application_progress_intro.dart"
"_BenefitItem",3,"lib/features/trade_terminal/presentation/widgets/tools/advanced_tools_overview.dart; lib/features/trade_terminal/presentation/widgets/tools/execution_quality_overview.dart; lib/features/trade_terminal/presentation/widgets/tools/risk_management_overview.dart"
"_BreakdownRow",3,"lib/features/earn/presentation/widgets/savings/savings_ladder_analysis.dart; lib/features/trade_bots/presentation/widgets/settings/bot_tax_reporting_reports.dart; lib/features/wallet/presentation/widgets/hub/wallet_page_balance_sections.dart"
"_BulletRow",5,"lib/features/earn/presentation/widgets/savings/savings_risk_assessment_products_common.dart; lib/features/earn/presentation/widgets/staking/staking_risk_assessment_page_common.dart; lib/features/onboarding/presentation/widgets/onboarding_shared_components.dart; lib/features/p2p/presentation/widgets/security/p2p_anti_phishing_code_page_sections.dart; lib/features/trade_bots/presentation/widgets/settings/bot_guide_blocks.dart"
"_Card",6,"lib/features/trade_bots/presentation/widgets/backtest/bot_strategy_compare_recommendations_common.dart; lib/features/trade_bots/presentation/widgets/dashboard/bot_drawdown_analyzer_page_common.dart; lib/features/trade_bots/presentation/widgets/dashboard/bot_equity_curve_analysis_painters.dart; lib/features/trade_bots/presentation/widgets/settings/bot_security_settings_common.dart; lib/features/trade_bots/presentation/widgets/settings/bot_tax_reporting_common.dart; lib/features/trade_terminal/presentation/widgets/tools/advanced_analytics_page_shared.dart"
"_CardTitle",5,"lib/features/admin/presentation/widgets/analytics_dashboard_common.dart; lib/features/admin/presentation/widgets/funnel_dashboard_common_painter.dart; lib/features/dca/presentation/pages/portfolio/dca_multi_asset_page_common.dart; lib/features/dca/presentation/widgets/portfolio/dca_performance_compare_primitives.dart; lib/features/p2p/presentation/pages/dispute/p2p_insurance_fund_claims_tour.dart"
"_CategoryCard",5,"lib/features/earn/presentation/pages/staking/staking_forum_page.dart; lib/features/launchpad/presentation/widgets/tools/launchpad_notif_sound_categories.dart; lib/features/predictions/presentation/widgets/portfolio/prediction_portfolio_analyzer_overview.dart; lib/features/trade_compliance/presentation/widgets/disclosures/ex_ante_costs_summary_breakdown.dart; lib/features/trade_compliance/presentation/widgets/governance/client_categorization_overview_tab.dart"
"_CategoryFilters",3,"lib/features/markets/presentation/widgets/research/market_news_page_sections.dart; lib/features/predictions/presentation/widgets/hub/predictions_rewards_hero_filters.dart; lib/features/predictions/presentation/widgets/social/prediction_event_calendar_controls.dart"
"_CategoryTabs",3,"lib/features/earn/presentation/pages/staking/staking_faq_page.dart; lib/features/predictions/presentation/widgets/hub/predictions_breaking_page_sections.dart; lib/features/trade_bots/presentation/widgets/settings/bot_faq_search_tabs.dart"
"_ChartCard",5,"lib/features/cross_module/presentation/widgets/cross_module_analytics_painters.dart; lib/features/trade_compliance/presentation/widgets/disclosures/riy_calculator_page_sections.dart; lib/features/trade_copy/presentation/widgets/provider/trader_profile_overview.dart; lib/features/wallet/presentation/widgets/tools/portfolio_analytics_overview_chart.dart; lib/features/wallet/presentation/widgets/tools/wallet_gas_optimizer_trends.dart"
"_ChecklistCard",3,"lib/features/arena/presentation/pages/governance/arena_guide_page_tips_safety_content.dart; lib/features/p2p/presentation/widgets/security/p2p_fraud_checklist_actions.dart; lib/features/wallet/presentation/widgets/tools/wallet_health_score_cards.dart"
"_ChecklistRow",5,"lib/features/arena/presentation/pages/studio/arena_smart_rule_builder_page_review_submit.dart; lib/features/p2p/presentation/pages/merchant/p2p_video_verification_page.dart; lib/features/p2p/presentation/widgets/merchant/p2p_identity_verification_page_common.dart; lib/features/p2p/presentation/widgets/merchant/p2p_selfie_verification_page_common.dart; lib/features/p2p/presentation/widgets/security/p2p_address_proof_page_common.dart"
"_CoinAvatar",3,"lib/features/dca/presentation/pages/hub/dca_page_history_and_create_sheet.dart; lib/features/markets/presentation/widgets/hub/market_list_pairs.dart; lib/features/markets/presentation/widgets/tools/market_movers_row_common.dart"
"_ComparisonRow",3,"lib/features/earn/presentation/widgets/hub/earn_comparison_table.dart; lib/features/markets/presentation/widgets/tools/market_sector_comparison_table.dart; lib/features/wallet/presentation/widgets/tools/wallet_gas_optimizer_current.dart"
"_CopyButton",3,"lib/features/launchpad/presentation/widgets/tools/launchpad_webhooks_common_widgets.dart; lib/features/p2p/presentation/widgets/orders/p2p_order_page_common.dart; lib/features/wallet/presentation/widgets/address/wallet_address_book_list.dart"
"_DetailRow",6,"lib/features/arena/presentation/widgets/points/arena_points_entry_detail_page_sections.dart; lib/features/launchpad/presentation/widgets/bridge/launchpad_bridge_order_details.dart; lib/features/launchpad/presentation/widgets/claim/launchpad_claim_receipt_misc_widgets.dart; lib/features/launchpad/presentation/widgets/tools/launchpad_multisig_tx_details.dart; lib/features/trade_compliance/presentation/widgets/client_money/arm_integration_providers.dart; lib/features/trade_copy/presentation/widgets/provider/trader_profile_overview.dart"
"_DetailStat",3,"lib/features/admin/presentation/widgets/ab_test_dashboard_common.dart; lib/features/admin/presentation/widgets/funnel_dashboard_waterfall_details.dart; lib/features/trade_copy/presentation/widgets/hub/active_copies_expanded_details.dart"
"_DetailValue",3,"lib/features/p2p/presentation/widgets/security/p2p_device_management_cards.dart; lib/features/p2p/presentation/widgets/security/p2p_login_history_common.dart; lib/features/trade_compliance/presentation/widgets/governance/transaction_reporting_reports.dart"
"_Disclaimer",5,"lib/features/earn/presentation/widgets/savings/savings_notifications_common.dart; lib/features/markets/presentation/widgets/research/token_info_detail_widgets.dart; lib/features/referral/presentation/widgets/referral_rules_page_common.dart; lib/features/trade_copy/presentation/widgets/hub/copy_trading_metrics_common.dart; lib/features/trade_copy/presentation/widgets/provider/provider_leaderboard_disclaimer.dart"
"_DisclaimerCard",4,"lib/features/arena/presentation/widgets/governance/arena_report_case_related_common.dart; lib/features/dca/presentation/widgets/portfolio/dca_portfolio_optimizer_stat_widgets.dart; lib/features/trade_terminal/presentation/widgets/tools/advanced_analytics_page_ai_signals.dart; lib/features/wallet/presentation/widgets/tools/network_status_legend_common.dart"
"_DisclosureCard",5,"lib/features/discovery/presentation/widgets/topic_hub_cards.dart; lib/features/p2p/presentation/widgets/dispute/p2p_insurance_certificate_page_common.dart; lib/features/p2p/presentation/widgets/dispute/p2p_insurance_score_page_common.dart; lib/features/predictions/presentation/widgets/event/prediction_order_receipt_page_sections.dart; lib/features/trade_compliance/presentation/widgets/disclosures/regulatory_disclosures_cards.dart"
"_DistributionCard",3,"lib/features/admin/presentation/widgets/analytics_dashboard_common.dart; lib/features/cross_module/presentation/widgets/unified_portfolio_overview.dart; lib/features/markets/presentation/widgets/research/token_info_market_widgets.dart"
"_EmptyResults",3,"lib/features/earn/presentation/pages/staking/staking_faq_page.dart; lib/features/earn/presentation/widgets/savings/savings_faq_page_common.dart; lib/features/earn/presentation/widgets/savings/savings_what_if_results.dart"
"_EventCard",3,"lib/features/earn/presentation/widgets/staking/staking_earnings_events_common.dart; lib/features/markets/presentation/widgets/tools/market_calendar_events.dart; lib/features/trade_bots/presentation/widgets/dashboard/bot_drawdown_analyzer_page_sections.dart"
"_EventMetric",3,"lib/features/earn/presentation/widgets/staking/staking_slashing_history_history.dart; lib/features/predictions/presentation/widgets/social/prediction_event_calendar_notifications.dart; lib/features/trade_compliance/presentation/widgets/execution/slippage_monitoring_events.dart"
"_FeatureCard",5,"lib/features/earn/presentation/widgets/hub/earn_comparison_chart.dart; lib/features/earn/presentation/widgets/staking/staking_institutional_signers_features.dart; lib/features/trade/presentation/widgets/margin/margin_trading_hub_cards.dart; lib/features/trade_terminal/presentation/widgets/tools/advanced_tools_overview.dart; lib/features/trade_terminal/presentation/widgets/tools/risk_management_overview.dart"
"_FeedbackBanner",4,"lib/features/p2p/presentation/pages/dispute/p2p_claim_detail_page_common.dart; lib/features/p2p/presentation/pages/security/p2p_contribution_history_page.dart; lib/features/p2p/presentation/widgets/dispute/p2p_insurance_certificate_page_common.dart; lib/features/p2p/presentation/widgets/orders/p2p_escrow_detail_timeline_actions.dart"
"_FieldGroup",4,"lib/features/earn/presentation/widgets/staking/staking_advanced_orders_sheet_fields.dart; lib/features/earn/presentation/widgets/staking/staking_institutional_sheet_painter.dart; lib/features/earn/presentation/widgets/staking/staking_insurance_sheets.dart; lib/features/earn/presentation/widgets/staking/staking_liquid_staking_swap_fields.dart"
"_FieldLabel",3,"lib/features/earn/presentation/widgets/staking/staking_risk_score_inputs.dart; lib/features/trade_compliance/presentation/widgets/complaints/complaint_submission_page_common.dart; lib/features/trade_copy/presentation/widgets/safety/dispute_resolution_common.dart"
"_FilterRow",3,"lib/features/earn/presentation/widgets/staking/staking_earn_hero_tabs.dart; lib/features/launchpad/presentation/widgets/tools/launchpad_abi_diff_summary.dart; lib/features/trade/presentation/widgets/hub/orders_history_page_sections.dart"
"_FooterNote",15,"lib/features/earn/presentation/pages/staking/staking_data_export_page.dart; lib/features/earn/presentation/pages/staking/staking_emergency_actions_page.dart; lib/features/earn/presentation/widgets/staking/staking_analytics_chart_shared.dart; lib/features/earn/presentation/widgets/staking/staking_audit_reports_bounty_common.dart; lib/features/earn/presentation/widgets/staking/staking_auto_compound_overview.dart; lib/features/earn/presentation/widgets/staking/staking_community_governance_page_common.dart; lib/features/earn/presentation/widgets/staking/staking_contingency_plan_support_sections.dart; lib/features/earn/presentation/widgets/staking/staking_history_detail_list.dart; lib/features/earn/presentation/widgets/staking/staking_notifications_page_common.dart; lib/features/earn/presentation/widgets/staking/staking_proof_of_reserves_common.dart; lib/features/earn/presentation/widgets/staking/staking_regulatory_framework_sheet_common.dart; lib/features/earn/presentation/widgets/staking/staking_risk_dashboard_page_common.dart; lib/features/earn/presentation/widgets/staking/staking_social_feed_page_common.dart; lib/features/earn/presentation/widgets/staking/staking_transaction_reporting_sheet_widgets.dart; lib/features/earn/presentation/widgets/staking/staking_validator_health_monitor_page_common.dart"
"_Hero",4,"lib/features/p2p/presentation/pages/hub/p2p_express_confirm_page.dart; lib/features/p2p/presentation/pages/hub/p2p_notifications_settings_page.dart; lib/features/p2p/presentation/pages/security/p2p_blacklist_add_page.dart; lib/features/p2p/presentation/pages/security/p2p_e2e_info_page.dart"
"_HeroAction",3,"lib/features/earn/presentation/widgets/savings/savings_dca_summary.dart; lib/features/earn/presentation/widgets/savings/savings_home_hero.dart; lib/features/earn/presentation/widgets/savings/savings_portfolio_hero.dart"
"_HeroCard",9,"lib/features/arena/presentation/pages/hub/arena_home_page_hero_and_templates.dart; lib/features/earn/presentation/widgets/savings/savings_faq_page_sections.dart; lib/features/earn/presentation/widgets/savings/savings_guide_tutorials.dart; lib/features/earn/presentation/widgets/savings/savings_recommendations_hero.dart; lib/features/earn/presentation/widgets/staking/staking_audit_reports_hero_tabs.dart; lib/features/earn/presentation/widgets/staking/staking_regulatory_framework_hero_licenses.dart; lib/features/launchpad/presentation/widgets/hub/launchpad_home_header_widgets.dart; lib/features/markets/presentation/widgets/research/token_info_tabs_widgets.dart; lib/features/p2p/presentation/pages/dispute/p2p_dispute_evidence_page.dart"
"_HeroKpi",4,"lib/features/earn/presentation/widgets/savings/savings_home_hero.dart; lib/features/earn/presentation/widgets/staking/staking_dashboard_summary.dart; lib/features/earn/presentation/widgets/staking/staking_earn_hero_tabs.dart; lib/features/predictions/presentation/widgets/hub/predictions_home_highlights.dart"
"_HeroMetric",9,"lib/features/earn/presentation/widgets/savings/savings_backtest_hero.dart; lib/features/earn/presentation/widgets/savings/savings_dca_summary.dart; lib/features/launchpad/presentation/widgets/claim/launchpad_claim_receipt_hero_widgets.dart; lib/features/launchpad/presentation/widgets/hub/launchpad_performance_overview.dart; lib/features/launchpad/presentation/widgets/hub/launchpad_portfolio_hero_tabs.dart; lib/features/launchpad/presentation/widgets/tools/launchpad_staking_hero.dart; lib/features/markets/presentation/pages/hub/market_overview_page_hero_stats_widgets.dart; lib/features/markets/presentation/pages/research/social_signals_page_performance_widgets.dart; lib/features/referral/presentation/pages/referral_home_page_reward_sections.dart"
"_HeroStat",7,"lib/features/discovery/presentation/widgets/topic_hub_header.dart; lib/features/earn/presentation/pages/savings/savings_what_if_page_sections.dart; lib/features/earn/presentation/widgets/savings/savings_autopilot_hero.dart; lib/features/earn/presentation/widgets/savings/savings_ladder_hero.dart; lib/features/earn/presentation/widgets/savings/savings_portfolio_hero.dart; lib/features/referral/presentation/pages/referral_rewards_page_state.dart; lib/features/wallet/presentation/widgets/assets/wallet_dust_converter_hero.dart"
"_HistoryCard",3,"lib/features/dca/presentation/widgets/schedule/dca_smart_rules_cards.dart; lib/features/earn/presentation/widgets/savings/savings_auto_rebalance_history.dart; lib/features/earn/presentation/widgets/savings/savings_export_summary_widgets.dart"
"_HistoryList",5,"lib/features/earn/presentation/widgets/savings/savings_auto_rebalance_history.dart; lib/features/earn/presentation/widgets/savings/savings_dca_history_sheet.dart; lib/features/earn/presentation/widgets/savings/savings_export_summary_widgets.dart; lib/features/earn/presentation/widgets/staking/staking_notifications_page_sections.dart; lib/features/trade/presentation/widgets/convert/convert_page_sections.dart"
"_HistorySection",3,"lib/features/launchpad/presentation/widgets/bridge/launchpad_swap_aggregator_history_settings.dart; lib/features/launchpad/presentation/widgets/tools/launchpad_limit_orders_history_widgets.dart; lib/features/launchpad/presentation/widgets/tools/launchpad_multisig_queue_history.dart"
"_HistoryTab",4,"lib/features/arena/presentation/widgets/studio/arena_creator_tabs.dart; lib/features/earn/presentation/widgets/savings/savings_notifications_history.dart; lib/features/trade_compliance/presentation/widgets/execution/slippage_monitoring_tabs.dart; lib/features/trade_compliance/presentation/widgets/governance/client_categorization_history_tab.dart"
"_HowItWorksCard",3,"lib/features/p2p/presentation/pages/dispute/p2p_insurance_fund_overview_cards.dart; lib/features/p2p/presentation/widgets/hub/p2p_express_form_cards.dart; lib/features/trade_bots/presentation/widgets/backtest/bot_optimization_page_sections.dart"
"_IconBadge",5,"lib/features/dev/presentation/widgets/missing_screens_showcase_page_common.dart; lib/features/dev/presentation/widgets/performance_monitor_common.dart; lib/features/p2p/presentation/pages/merchant/p2p_merchant_apply_page_common.dart; lib/features/p2p/presentation/widgets/payment/p2p_payment_method_add_page_sections.dart; lib/features/p2p/presentation/widgets/security/p2p_security_center_actions_events.dart"
"_InfoCard",13,"lib/features/arena/presentation/pages/challenge/arena_challenge_detail_page_actions_and_shared_widgets.dart; lib/features/arena/presentation/widgets/governance/arena_safety_center_page_sections.dart; lib/features/dca/presentation/widgets/portfolio/dca_performance_compare_analysis.dart; lib/features/dca/presentation/widgets/schedule/dca_smart_rules_info_common.dart; lib/features/earn/presentation/widgets/savings/savings_notification_preferences_delivery.dart; lib/features/markets/presentation/widgets/research/token_info_tabs_widgets.dart; lib/features/p2p/presentation/widgets/ads/p2p_ad_detail_merchant_info.dart; lib/features/predictions/presentation/widgets/social/prediction_data_integration_common.dart; lib/features/trade_bots/presentation/widgets/settings/bot_api_documentation_support_common.dart; lib/features/trade_bots/presentation/widgets/settings/bot_guide_practices_videos.dart; lib/features/trade_bots/presentation/widgets/settings/bot_suitability_questions_info.dart; lib/features/trade_terminal/presentation/widgets/tools/advanced_analytics_page_shared.dart; lib/features/wallet/presentation/widgets/tools/wallet_health_score_cards.dart"
"_InfoNote",4,"lib/features/earn/presentation/widgets/staking/staking_regulatory_framework_sheet_common.dart; lib/features/p2p/presentation/widgets/security/p2p_blacklist_common.dart; lib/features/trade/presentation/widgets/hub/trade_settings_page_common.dart; lib/features/trade_compliance/presentation/widgets/disclosures/performance_scenarios_outcome_widgets.dart"
"_InfoNotice",3,"lib/features/trade_compliance/presentation/widgets/client_money/investor_compensation_page_sections.dart; lib/features/trade_compliance/presentation/widgets/governance/client_categorization_page_chrome.dart; lib/features/wallet/presentation/widgets/transfer/pending_deposits_page_common.dart"
"_InfoPanel",4,"lib/features/trade_copy/presentation/widgets/analytics/performance_attribution_tabs.dart; lib/features/trade_copy/presentation/widgets/hub/copy_trading_card_demo_common.dart; lib/features/trade_copy/presentation/widgets/provider/provider_application_common.dart; lib/features/trade_copy/presentation/widgets/safety/safety_education_page_common.dart"
"_InfoRow",5,"lib/features/arena/presentation/pages/bridge/arena_prediction_bridge_foundation_page_examples_and_shared_widgets.dart; lib/features/arena/presentation/widgets/challenge/arena_join_page_sections.dart; lib/features/markets/presentation/widgets/research/token_info_tabs_widgets.dart; lib/features/p2p/presentation/widgets/orders/p2p_escrow_detail_multisig_order.dart; lib/features/trade_compliance/presentation/widgets/client_money/investor_compensation_page_sections.dart"
"_IntroCard",4,"lib/features/trade_bots/presentation/widgets/backtest/bot_optimization_page_sections.dart; lib/features/trade_bots/presentation/widgets/settings/bot_api_documentation_intro_tabs.dart; lib/features/trade_terminal/presentation/widgets/tools/advanced_tools_overview.dart; lib/features/trade_terminal/presentation/widgets/tools/risk_management_overview.dart"
"_InvestmentCard",3,"lib/features/dca/presentation/widgets/research/dca_backtester_setup.dart; lib/features/trade_compliance/presentation/widgets/disclosures/ex_ante_costs_overview.dart; lib/features/trade_compliance/presentation/widgets/disclosures/performance_scenarios_intro_widgets.dart"
"_LeaderboardRow",3,"lib/features/arena/presentation/widgets/challenge/arena_leaderboard_rows_footer.dart; lib/features/referral/presentation/pages/referral_home_page_section_cards.dart; lib/features/rewards/presentation/widgets/rewards_hub_components.dart"
"_Legend",4,"lib/features/dca/presentation/widgets/portfolio/dca_performance_compare_primitives.dart; lib/features/launchpad/presentation/widgets/tools/launchpad_gas_tracker_estimator.dart; lib/features/markets/presentation/widgets/tools/market_derivatives_overview.dart; lib/features/trade_copy/presentation/widgets/hub/copy_trading_card_demo_common.dart"
"_LegendDot",6,"lib/features/arena/presentation/pages/governance/arena_guide_page_faq_shared_widgets.dart; lib/features/p2p/presentation/pages/dispute/p2p_insurance_fund_page_common.dart; lib/features/p2p/presentation/widgets/ads/p2p_ad_analytics_charts_common.dart; lib/features/p2p/presentation/widgets/ads/p2p_order_book_cards_lists.dart; lib/features/trade_compliance/presentation/widgets/client_money/arm_integration_sla_actions.dart; lib/features/trade_copy/presentation/widgets/provider/trader_profile_stats_common.dart"
"_LegendEntry",4,"lib/features/earn/presentation/widgets/staking/staking_analytics_chart_shared.dart; lib/features/earn/presentation/widgets/staking/staking_validator_health_monitor_page_common.dart; lib/features/markets/presentation/widgets/tools/comparison_tool_content.dart; lib/features/markets/presentation/widgets/tools/market_correlations_matrix_widgets.dart"
"_LegendItem",5,"lib/features/dca/presentation/pages/research/dca_dynamic_amount_page_volatility_chart.dart; lib/features/markets/presentation/pages/research/social_signals_page_performance_widgets.dart; lib/features/markets/presentation/widgets/tools/market_sector_distribution.dart; lib/features/predictions/presentation/widgets/event/prediction_advanced_chart_analysis.dart; lib/features/trade_copy/presentation/widgets/analytics/performance_attribution_painters.dart"
"_LegendRow",3,"lib/features/dca/presentation/pages/portfolio/dca_rebalance_config_page_common.dart; lib/features/earn/presentation/widgets/staking/staking_analytics_chart_shared.dart; lib/features/trade_copy/presentation/widgets/analytics/performance_attribution_painters.dart"
"_LevelCard",3,"lib/features/p2p/presentation/widgets/hub/p2p_dashboard_overview_cards.dart; lib/features/p2p/presentation/widgets/hub/p2p_trading_level_cards.dart; lib/features/predictions/presentation/widgets/event/prediction_advanced_chart_analysis.dart"
"_MetaItem",5,"lib/features/earn/presentation/widgets/savings/savings_goal_visuals.dart; lib/features/p2p/presentation/pages/dispute/p2p_disputes_page.dart; lib/features/predictions/presentation/widgets/event/prediction_event_detail_common.dart; lib/features/profile/presentation/widgets/device_management_page_common.dart; lib/features/trade_copy/presentation/widgets/hub/copy_notifications_page_sections.dart"
"_MetaText",3,"lib/features/arena/presentation/pages/hub/arena_home_page_search_and_shared_widgets.dart; lib/features/arena/presentation/pages/hub/my_arena_page_shared_widgets.dart; lib/features/earn/presentation/widgets/savings/savings_export_summary_widgets.dart"
"_MetricBlock",3,"lib/features/cross_module/presentation/pages/tax_report_center_generate_tab.dart; lib/features/launchpad/presentation/widgets/tools/launchpad_dca_builder_strategies.dart; lib/features/launchpad/presentation/widgets/tools/launchpad_limit_orders_active_widgets.dart"
"_MetricBox",8,"lib/features/trade_compliance/presentation/widgets/client_money/arm_integration_providers.dart; lib/features/trade_compliance/presentation/widgets/client_money/cass_reconciliation_records_common.dart; lib/features/trade_compliance/presentation/widgets/client_money/client_money_protection_page_common.dart; lib/features/trade_compliance/presentation/widgets/disclosures/ex_ante_costs_scenarios_actions.dart; lib/features/trade_compliance/presentation/widgets/disclosures/performance_scenarios_outcome_widgets.dart; lib/features/trade_compliance/presentation/widgets/execution/execution_venue_comparison.dart; lib/features/trade_compliance/presentation/widgets/governance/client_categorization_overview_tab.dart; lib/features/trade_terminal/presentation/widgets/tools/advanced_analytics_page_shared.dart"
"_MetricCard",11,"lib/features/admin/presentation/widgets/admin_home_metrics_realtime.dart; lib/features/earn/presentation/widgets/savings/savings_analytics_charts_metrics.dart; lib/features/earn/presentation/widgets/savings/savings_auto_rebalance_shared.dart; lib/features/markets/presentation/widgets/tools/comparison_tool_content.dart; lib/features/p2p/presentation/widgets/ads/p2p_ad_analytics_overview_cards.dart; lib/features/p2p/presentation/widgets/hub/p2p_dashboard_overview_cards.dart; lib/features/p2p/presentation/widgets/security/p2p_tax_reporting_page_common.dart; lib/features/trade_bots/presentation/widgets/dashboard/bot_drawdown_analyzer_page_sections.dart; lib/features/trade_bots/presentation/widgets/dashboard/bot_risk_dashboard_metrics.dart; lib/features/trade_copy/presentation/widgets/safety/copy_safety_metrics_tools.dart; lib/features/wallet/presentation/widgets/tools/wallet_health_score_cards.dart"
"_MetricGrid",6,"lib/features/admin/presentation/widgets/admin_home_metrics_realtime.dart; lib/features/dca/presentation/widgets/hub/dca_overview_demo_metrics.dart; lib/features/earn/presentation/widgets/savings/savings_autopilot_overview.dart; lib/features/earn/presentation/widgets/savings/savings_ladder_analysis.dart; lib/features/trade_bots/presentation/widgets/dashboard/bot_drawdown_analyzer_page_sections.dart; lib/features/trade_copy/presentation/pages/provider/copy_provider_detail_page.dart"
"_MetricRow",4,"lib/features/arena/presentation/widgets/hub/arena_state_cards.dart; lib/features/earn/presentation/widgets/savings/savings_analytics_charts_metrics.dart; lib/features/p2p/presentation/pages/merchant/p2p_merchant_apply_page_common.dart; lib/features/trade_copy/presentation/pages/provider/provider_comparison_page.dart"
"_MetricTile",4,"lib/features/dca/presentation/widgets/hub/dca_overview_demo_metrics.dart; lib/features/earn/presentation/widgets/savings/savings_what_if_common_widgets.dart; lib/features/earn/presentation/widgets/staking/staking_contingency_plan_sections.dart; lib/features/trade_copy/presentation/widgets/analytics/performance_attribution_summary_tabs.dart"
"_MetricsCard",3,"lib/features/dca/presentation/widgets/research/dca_backtester_results.dart; lib/features/trade_terminal/presentation/widgets/tools/advanced_trading_demo_page_common.dart; lib/features/wallet/presentation/widgets/tools/portfolio_analytics_metrics_assets.dart"
"_MetricsTab",3,"lib/features/cross_module/presentation/widgets/cross_module_analytics_tabs.dart; lib/features/trade_copy/presentation/widgets/analytics/copy_performance_details.dart; lib/features/trade_copy/presentation/widgets/safety/copy_safety_metrics_tools.dart"
"_MiniBadge",3,"lib/features/rewards/presentation/widgets/rewards_hub_components.dart; lib/features/trade/presentation/widgets/margin/margin_trading_shared_helpers.dart; lib/features/trade_copy/presentation/widgets/provider/trader_profile_stats_common.dart"
"_MiniHeader",3,"lib/features/arena/presentation/pages/studio/arena_universal_preset_library_page_demo_and_title_widgets.dart; lib/features/arena/presentation/widgets/governance/arena_governance_gate_status_widgets.dart; lib/features/markets/presentation/pages/hub/market_overview_page_history_tools_widgets.dart"
"_MiniMetric",5,"lib/features/arena/presentation/pages/bridge/arena_prediction_bridge_foundation_page_examples_and_shared_widgets.dart; lib/features/earn/presentation/widgets/staking/staking_multi_chain_page_sections.dart; lib/features/p2p/presentation/pages/dispute/p2p_insurance_fund_claims_tour.dart; lib/features/trade_bots/presentation/widgets/backtest/bot_strategy_compare_selection.dart; lib/features/trade_terminal/presentation/widgets/tools/risk_management_tabs.dart"
"_MiniPill",3,"lib/features/arena/presentation/pages/bridge/connected_ecosystem_production_page_handoff_and_shared_widgets.dart; lib/features/arena/presentation/pages/hub/arena_production_ready_page_handoff_and_shared_widgets.dart; lib/features/launchpad/presentation/widgets/hub/launchpad_home_shared_widgets.dart"
"_MiniStat",5,"lib/features/admin/presentation/widgets/ab_test_dashboard_sections.dart; lib/features/markets/presentation/widgets/pair/market_depth_chart.dart; lib/features/markets/presentation/widgets/research/token_info_detail_widgets.dart; lib/features/markets/presentation/widgets/tools/market_calendar_filters.dart; lib/features/trade_bots/presentation/widgets/dashboard/bot_equity_curve_charts_cards.dart"
"_ModeCard",3,"lib/features/arena/presentation/pages/hub/arena_home_page_modes_and_rooms_section.dart; lib/features/earn/presentation/widgets/savings/savings_autopilot_settings.dart; lib/features/trade_copy/presentation/widgets/hub/copy_settings_modes.dart"
"_NoticeCard",6,"lib/features/arena/presentation/widgets/challenge/arena_join_page_sections.dart; lib/features/p2p/presentation/widgets/security/p2p_report_merchant_reasons_details.dart; lib/features/predictions/presentation/widgets/social/prediction_data_integration_common.dart; lib/features/referral/presentation/pages/referral_home_page_common.dart; lib/features/trade_copy/presentation/pages/flow/pre_copy_assessment_page.dart; lib/features/trade_copy/presentation/widgets/safety/dispute_resolution_form.dart"
"_NotificationCard",4,"lib/features/earn/presentation/widgets/savings/savings_notifications_history.dart; lib/features/earn/presentation/widgets/staking/staking_notifications_page_sections.dart; lib/features/p2p/presentation/pages/dispute/p2p_insurance_fund_overview_cards.dart; lib/features/trade_copy/presentation/widgets/hub/copy_notifications_page_sections.dart"
"_NotificationRow",3,"lib/features/notifications/presentation/widgets/notifications_page_sections.dart; lib/features/p2p/presentation/pages/dispute/p2p_insurance_fund_page_common.dart; lib/features/trade_copy/presentation/widgets/hub/copy_settings_controls.dart"
"_OrderBookRow",3,"lib/features/markets/presentation/widgets/pair/market_depth_order_book.dart; lib/features/p2p/presentation/widgets/ads/p2p_order_book_cards_lists.dart; lib/features/predictions/presentation/widgets/event/prediction_event_detail_order_book.dart"
"_OrderSummary",3,"lib/features/p2p/presentation/pages/orders/p2p_order_cancel_page.dart; lib/features/predictions/presentation/widgets/event/prediction_order_receipt_page_sections.dart; lib/features/trade/presentation/widgets/margin/margin_trading_order_summary.dart"
"_OverviewContent",3,"lib/features/p2p/presentation/pages/dispute/p2p_insurance_fund_overview_cards.dart; lib/features/trade_compliance/presentation/widgets/complaints/complaints_handling_overview_complaints.dart; lib/features/wallet/presentation/widgets/tools/portfolio_analytics_overview_chart.dart"
"_OverviewMetric",3,"lib/features/dca/presentation/pages/hub/dca_page_state_overview.dart; lib/features/predictions/presentation/widgets/portfolio/prediction_market_maker_earnings.dart; lib/features/predictions/presentation/widgets/social/prediction_data_integration_sources.dart"
"_OverviewTab",11,"lib/features/earn/presentation/widgets/staking/staking_insurance_overview.dart; lib/features/earn/presentation/widgets/staking/staking_proof_of_reserves_overview.dart; lib/features/earn/presentation/widgets/staking/staking_risk_disclosure_overview.dart; lib/features/launchpad/presentation/widgets/hub/launchpad_performance_overview.dart; lib/features/markets/presentation/widgets/research/token_info_tabs_widgets.dart; lib/features/profile/presentation/widgets/profile_vip_overview.dart; lib/features/trade_compliance/presentation/widgets/governance/client_categorization_overview_tab.dart; lib/features/trade_compliance/presentation/widgets/hub/regulatory_reports_dashboard_overview.dart; lib/features/trade_copy/presentation/widgets/analytics/copy_performance_summary_tabs.dart; lib/features/trade_copy/presentation/widgets/provider/trader_profile_overview.dart; lib/features/wallet/presentation/widgets/tools/wallet_health_score_cards.dart"
"_Panel",5,"lib/features/trade/presentation/widgets/margin/margin_trading_shared_helpers.dart; lib/features/trade_copy/presentation/widgets/provider/provider_application_common.dart; lib/features/trade_copy/presentation/widgets/provider/trader_profile_stats_common.dart; lib/features/trade_terminal/presentation/widgets/tools/advanced_tools_common.dart; lib/features/trade_terminal/presentation/widgets/tools/advanced_trading_demo_page_common.dart"
"_Pill",5,"lib/features/earn/presentation/widgets/staking/staking_community_governance_page_common.dart; lib/features/earn/presentation/widgets/staking/staking_contingency_plan_support_sections.dart; lib/features/earn/presentation/widgets/staking/staking_social_feed_page_common.dart; lib/features/trade_bots/presentation/widgets/settings/bot_tax_reporting_common.dart; lib/features/trade_copy/presentation/pages/provider/copy_provider_detail_page.dart"
"_PlanMetric",3,"lib/features/dca/presentation/pages/hub/dca_page_history_and_create_sheet.dart; lib/features/earn/presentation/widgets/savings/savings_dca_plans.dart; lib/features/earn/presentation/widgets/staking/staking_insurance_plans.dart"
"_PositionCard",9,"lib/features/earn/presentation/widgets/hub/auto_compound_settings_positions.dart; lib/features/earn/presentation/widgets/savings/savings_portfolio_positions.dart; lib/features/earn/presentation/widgets/staking/staking_auto_compound_positions.dart; lib/features/earn/presentation/widgets/staking/staking_dashboard_positions.dart; lib/features/earn/presentation/widgets/staking/staking_earn_positions_common.dart; lib/features/earn/presentation/widgets/staking/staking_insurance_positions.dart; lib/features/launchpad/presentation/widgets/tools/launchpad_staking_positions.dart; lib/features/predictions/presentation/widgets/portfolio/prediction_market_maker_positions.dart; lib/features/trade/presentation/widgets/margin/margin_trading_positions_orders.dart"
"_PositionSummary",3,"lib/features/earn/presentation/widgets/hub/auto_compound_settings_settings_sheet.dart; lib/features/predictions/presentation/widgets/portfolio/prediction_market_maker_positions.dart; lib/features/predictions/presentation/widgets/portfolio/prediction_risk_calculator_form.dart"
"_PositionsTab",5,"lib/features/earn/presentation/widgets/staking/staking_insurance_positions.dart; lib/features/launchpad/presentation/widgets/tools/launchpad_staking_positions.dart; lib/features/predictions/presentation/widgets/portfolio/prediction_market_maker_positions.dart; lib/features/trade/presentation/widgets/margin/margin_trading_positions_orders.dart; lib/features/trade_terminal/presentation/widgets/tools/risk_management_tabs.dart"
"_PreviewRow",3,"lib/features/dca/presentation/pages/portfolio/dca_rebalance_config_page_common.dart; lib/features/earn/presentation/widgets/savings/savings_auto_rebalance_preview.dart; lib/features/p2p/presentation/widgets/payment/p2p_payment_method_add_page_sections.dart"
"_PrivacyCard",3,"lib/features/arena/presentation/widgets/governance/arena_governance_gate_privacy_clarity.dart; lib/features/profile/presentation/widgets/kyc_details_privacy.dart; lib/features/trade_copy/presentation/widgets/hub/copy_settings_contacts_privacy.dart"
"_ProductCard",3,"lib/features/earn/presentation/widgets/savings/savings_notification_preferences_delivery.dart; lib/features/earn/presentation/widgets/staking/staking_earn_products.dart; lib/features/trade_compliance/presentation/widgets/governance/product_governance_products.dart"
"_ProgressCard",4,"lib/features/dev/presentation/widgets/route_checker_page_sections.dart; lib/features/profile/presentation/widgets/profile_vip_overview.dart; lib/features/trade_terminal/presentation/widgets/tools/advanced_tools_overview.dart; lib/features/wallet/presentation/widgets/history/transaction_detail_page_sections.dart"
"_ProgressHeader",6,"lib/features/earn/presentation/widgets/savings/savings_risk_assessment_questions.dart; lib/features/earn/presentation/widgets/staking/staking_guide_page_sections.dart; lib/features/earn/presentation/widgets/staking/staking_risk_assessment_page_sections.dart; lib/features/earn/presentation/widgets/staking/staking_suitability_assessment_page_sections.dart; lib/features/onboarding/presentation/widgets/onboarding_shared_components.dart; lib/features/p2p/presentation/pages/merchant/p2p_merchant_apply_page_state.dart"
"_ProviderCard",4,"lib/features/markets/presentation/pages/research/social_signals_page_signal_provider_widgets.dart; lib/features/trade_compliance/presentation/widgets/hub/regulatory_reports_dashboard_overview.dart; lib/features/trade_copy/presentation/pages/provider/copy_provider_detail_page.dart; lib/features/trade_copy/presentation/widgets/flow/copy_configuration_provider_capital_mode.dart"
"_QuestionCard",3,"lib/features/earn/presentation/widgets/savings/savings_risk_assessment_questions.dart; lib/features/earn/presentation/widgets/staking/staking_risk_assessment_page_sections.dart; lib/features/earn/presentation/widgets/staking/staking_suitability_assessment_page_sections.dart"
"_QuickActions",6,"lib/features/earn/presentation/widgets/staking/staking_multi_chain_page_common.dart; lib/features/p2p/presentation/widgets/orders/p2p_order_content_cards.dart; lib/features/p2p/presentation/widgets/security/p2p_security_center_actions_events.dart; lib/features/support/presentation/widgets/help_center_hero_actions.dart; lib/features/trade_compliance/presentation/widgets/client_money/arm_integration_sla_actions.dart; lib/features/trade_compliance/presentation/widgets/hub/regulatory_reports_dashboard_controls.dart"
"_QuickLinkButton",3,"lib/features/arena/presentation/pages/hub/my_arena_page_hero_and_tabs.dart; lib/features/trade_compliance/presentation/widgets/disclosures/ex_ante_costs_scenarios_actions.dart; lib/features/trade_compliance/presentation/widgets/governance/client_categorization_page_chrome.dart"
"_QuickLinks",6,"lib/features/arena/presentation/pages/hub/my_arena_page_hero_and_tabs.dart; lib/features/arena/presentation/widgets/governance/arena_safety_center_page_common.dart; lib/features/earn/presentation/widgets/savings/savings_recommendations_insights.dart; lib/features/predictions/presentation/widgets/event/prediction_event_detail_quick_links.dart; lib/features/trade_compliance/presentation/widgets/disclosures/ex_ante_costs_scenarios_actions.dart; lib/features/trade_compliance/presentation/widgets/governance/client_categorization_page_chrome.dart"
"_QuickStats",4,"lib/features/markets/presentation/pages/portfolio/portfolio_tracker_page_overview_widgets.dart; lib/features/p2p/presentation/widgets/ads/p2p_ad_analytics_overview_cards.dart; lib/features/trade_compliance/presentation/widgets/governance/regulatory_inspection_ready_page_sections.dart; lib/features/wallet/presentation/widgets/transfer/withdraw_limits_page_sections.dart"
"_RadarCard",3,"lib/features/dca/presentation/widgets/portfolio/dca_performance_compare_charts.dart; lib/features/trade_bots/presentation/widgets/backtest/bot_strategy_compare_metrics.dart; lib/features/wallet/presentation/widgets/tools/wallet_health_score_cards.dart"
"_RecommendationCard",5,"lib/features/earn/presentation/widgets/staking/staking_risk_score_results.dart; lib/features/markets/presentation/widgets/tools/market_correlations_matrix_widgets.dart; lib/features/onboarding/presentation/widgets/onboarding_shared_components.dart; lib/features/trade_bots/presentation/widgets/backtest/bot_strategy_compare_recommendations_common.dart; lib/features/wallet/presentation/widgets/tools/wallet_health_score_cards.dart"
"_RefreshButton",3,"lib/features/cross_module/presentation/widgets/unified_portfolio_overview.dart; lib/features/wallet/presentation/widgets/tools/wallet_gas_optimizer_current.dart; lib/features/wallet/presentation/widgets/transfer/deposit_page_common.dart"
"_ReportCard",3,"lib/features/cross_module/presentation/pages/tax_report_center_generate_and_reports_tabs.dart; lib/features/earn/presentation/widgets/staking/staking_audit_reports_reports_findings.dart; lib/features/trade_compliance/presentation/widgets/governance/transaction_reporting_reports.dart"
"_RequirementRow",3,"lib/features/p2p/presentation/pages/merchant/p2p_merchant_apply_page_state.dart; lib/features/p2p/presentation/widgets/merchant/p2p_kyc_requirements_page_sections.dart; lib/features/trade_compliance/presentation/widgets/governance/regulatory_inspection_ready_page_sections.dart"
"_ResourceRow",4,"lib/features/dev/presentation/widgets/performance_monitor_sections.dart; lib/features/earn/presentation/widgets/staking/staking_tax_guide_jurisdictions.dart; lib/features/earn/presentation/widgets/staking/staking_transaction_reporting_transaction_widgets.dart; lib/features/launchpad/presentation/widgets/tools/launchpad_risk_report_common.dart"
"_ResultRow",3,"lib/features/earn/presentation/pages/staking/staking_voting_page.dart; lib/features/earn/presentation/widgets/staking/staking_tax_guide_calculator.dart; lib/features/launchpad/presentation/widgets/tools/launchpad_staking_calculator.dart"
"_ResultView",4,"lib/features/earn/presentation/widgets/savings/savings_risk_assessment_result.dart; lib/features/earn/presentation/widgets/staking/staking_risk_assessment_page_common.dart; lib/features/earn/presentation/widgets/staking/staking_suitability_assessment_page_common.dart; lib/features/trade_bots/presentation/widgets/settings/bot_suitability_result_score.dart"
"_ResultsHeader",3,"lib/features/earn/presentation/widgets/savings/savings_history_page_sections.dart; lib/features/earn/presentation/widgets/staking/staking_history_summary_filters.dart; lib/features/p2p/presentation/widgets/hub/p2p_home_offer_list.dart"
"_RiskDisclosure",3,"lib/features/earn/presentation/widgets/staking/staking_advanced_orders_guidance.dart; lib/features/launchpad/presentation/widgets/bridge/launchpad_bridge_compare_confirm.dart; lib/features/launchpad/presentation/widgets/tools/launchpad_staking_hero.dart"
"_RiskTabs",3,"lib/features/earn/presentation/widgets/staking/staking_risk_disclosure_overview.dart; lib/features/trade_copy/presentation/widgets/analytics/portfolio_risk_analysis_page_sections.dart; lib/features/trade_terminal/presentation/widgets/tools/risk_management_tabs.dart"
"_RiskWarning",5,"lib/features/launchpad/presentation/widgets/tools/launchpad_abi_diff_entries.dart; lib/features/markets/presentation/widgets/pair/pair_detail_chart_widgets.dart; lib/features/p2p/presentation/widgets/security/p2p_login_history_summary_filters.dart; lib/features/predictions/presentation/widgets/portfolio/prediction_portfolio_analyzer_risk.dart; lib/features/predictions/presentation/widgets/portfolio/prediction_risk_calculator_analysis.dart"
"_RoundIcon",10,"lib/features/earn/presentation/widgets/savings/savings_export_summary_widgets.dart; lib/features/earn/presentation/widgets/savings/savings_home_positions.dart; lib/features/earn/presentation/widgets/savings/savings_notifications_common.dart; lib/features/earn/presentation/widgets/savings/savings_recommendations_shared.dart; lib/features/earn/presentation/widgets/savings/savings_what_if_common_widgets.dart; lib/features/earn/presentation/widgets/staking/staking_audit_reports_bounty_common.dart; lib/features/earn/presentation/widgets/staking/staking_guide_page_common.dart; lib/features/earn/presentation/widgets/staking/staking_notifications_page_common.dart; lib/features/earn/presentation/widgets/staking/staking_regulatory_framework_sheet_common.dart; lib/features/p2p/presentation/widgets/hub/p2p_guide_video_common.dart"
"_RuleRow",3,"lib/features/arena/presentation/pages/bridge/arena_prediction_bridge_foundation_page_principles_section.dart; lib/features/arena/presentation/widgets/challenge/arena_mode_detail_rules.dart; lib/features/predictions/presentation/widgets/event/prediction_event_detail_detail_tabs.dart"
"_ScenarioCard",5,"lib/features/dca/presentation/widgets/portfolio/dca_performance_compare_charts.dart; lib/features/earn/presentation/pages/savings/savings_what_if_page_sections.dart; lib/features/earn/presentation/widgets/staking/staking_contingency_plan_sections.dart; lib/features/trade_compliance/presentation/widgets/disclosures/performance_scenarios_outcome_widgets.dart; lib/features/trade_copy/presentation/widgets/flow/copy_confirmation_page_sections.dart"
"_ScoreCard",3,"lib/features/profile/presentation/widgets/security_page_sections.dart; lib/features/trade_bots/presentation/widgets/settings/bot_suitability_result_score.dart; lib/features/trade_copy/presentation/widgets/hub/copy_trading_card_demo_common.dart"
"_SearchField",7,"lib/features/earn/presentation/pages/staking/staking_faq_page.dart; lib/features/earn/presentation/widgets/savings/savings_faq_page_sections.dart; lib/features/earn/presentation/widgets/savings/savings_history_page_sections.dart; lib/features/launchpad/presentation/widgets/tools/launchpad_address_book_controls.dart; lib/features/launchpad/presentation/widgets/tools/launchpad_event_log_filter_widgets.dart; lib/features/predictions/presentation/widgets/hub/predictions_home_filters.dart; lib/features/trade_bots/presentation/widgets/settings/bot_faq_search_tabs.dart"
"_SectionConfig",3,"lib/features/arena/presentation/pages/bridge/arena_prediction_bridge_foundation_page_examples_and_shared_widgets.dart; lib/features/arena/presentation/pages/bridge/connected_ecosystem_production_page_handoff_and_shared_widgets.dart; lib/features/arena/presentation/pages/hub/arena_production_ready_page_screens_states_section.dart"
"_SectionHeader",5,"lib/features/dca/presentation/pages/portfolio/dca_rebalance_config_page_common.dart; lib/features/dca/presentation/pages/research/dca_dynamic_amount_page_history_and_config.dart; lib/features/p2p/presentation/widgets/payment/p2p_payment_methods_page_sections.dart; lib/features/profile/presentation/widgets/device_management_page_sections.dart; lib/features/trade_terminal/presentation/widgets/tools/advanced_analytics_page_shared.dart"
"_SectionTabs",5,"lib/features/arena/presentation/pages/bridge/arena_prediction_bridge_foundation_page_principles_section.dart; lib/features/arena/presentation/pages/bridge/connected_ecosystem_production_page_canonical_states_section.dart; lib/features/arena/presentation/pages/hub/arena_production_ready_page_screens_states_section.dart; lib/features/arena/presentation/pages/studio/arena_universal_preset_library_page_domains_suggestions_dropdowns.dart; lib/features/enterprise_states/presentation/widgets/enterprise_states_hero_tabs.dart"
"_SecurityNotice",3,"lib/features/launchpad/presentation/widgets/tools/launchpad_multisig_page_chrome.dart; lib/features/p2p/presentation/widgets/orders/p2p_escrow_detail_timeline_actions.dart; lib/features/p2p/presentation/widgets/payment/p2p_payment_methods_page_sections.dart"
"_SettingsCard",4,"lib/features/earn/presentation/widgets/staking/staking_auto_compound_settings.dart; lib/features/p2p/presentation/pages/hub/p2p_notifications_settings_page.dart; lib/features/trade/presentation/widgets/hub/trade_settings_page_sections.dart; lib/features/trade_copy/presentation/widgets/hub/copy_settings_contacts_privacy.dart"
"_SheetFrame",10,"lib/features/earn/presentation/pages/staking/staking_webhooks_page.dart; lib/features/earn/presentation/widgets/hub/auto_compound_settings_shared.dart; lib/features/earn/presentation/widgets/savings/savings_goal_sheet_common.dart; lib/features/earn/presentation/widgets/staking/staking_advanced_orders_sheet_fields.dart; lib/features/earn/presentation/widgets/staking/staking_institutional_sheet_painter.dart; lib/features/earn/presentation/widgets/staking/staking_insurance_sheets.dart; lib/features/earn/presentation/widgets/staking/staking_liquid_staking_detail_sheet.dart; lib/features/earn/presentation/widgets/staking/staking_transaction_reporting_sheet_widgets.dart; lib/features/trade_terminal/presentation/widgets/tools/advanced_tools_common.dart; lib/features/trade_terminal/presentation/widgets/tools/execution_quality_sheets.dart"
"_SheetMetric",3,"lib/features/earn/presentation/widgets/hub/auto_compound_settings_settings_sheet.dart; lib/features/earn/presentation/widgets/savings/savings_goal_sheet_common.dart; lib/features/earn/presentation/widgets/savings/savings_recommendations_strategy_detail_sheet.dart"
"_SheetRow",3,"lib/features/earn/presentation/widgets/staking/staking_insurance_sheets.dart; lib/features/earn/presentation/widgets/staking/staking_liquid_staking_common.dart; lib/features/earn/presentation/widgets/staking/staking_regulatory_framework_sheet_common.dart"
"_SheetTitle",3,"lib/features/earn/presentation/widgets/staking/staking_insurance_sheets.dart; lib/features/earn/presentation/widgets/staking/staking_proof_of_reserves_verify_sheet.dart; lib/features/earn/presentation/widgets/staking/staking_transaction_reporting_sheet_widgets.dart"
"_SignerRow",3,"lib/features/earn/presentation/widgets/staking/staking_institutional_signers_features.dart; lib/features/launchpad/presentation/widgets/tools/launchpad_multisig_tx_details.dart; lib/features/p2p/presentation/widgets/orders/p2p_escrow_detail_multisig_order.dart"
"_SmallBadge",9,"lib/features/arena/presentation/pages/governance/arena_guide_page_faq_shared_widgets.dart; lib/features/earn/presentation/widgets/staking/staking_withdrawal_policy_common.dart; lib/features/launchpad/presentation/widgets/tools/launchpad_abi_diff_entries.dart; lib/features/p2p/presentation/widgets/security/p2p_2fa_settings_page_common.dart; lib/features/p2p/presentation/widgets/security/p2p_login_history_common.dart; lib/features/predictions/presentation/widgets/social/prediction_social_comment_list.dart; lib/features/trade/presentation/widgets/hub/orders_history_page_common.dart; lib/features/trade_compliance/presentation/widgets/execution/market_data_analytics_shared.dart; lib/features/wallet/presentation/widgets/tools/wallet_gas_optimizer_tips.dart"
"_SmallMetric",4,"lib/features/dca/presentation/widgets/portfolio/dca_performance_compare_primitives.dart; lib/features/earn/presentation/widgets/staking/staking_proof_of_reserves_overview.dart; lib/features/earn/presentation/widgets/staking/staking_transaction_reporting_summary_widgets.dart; lib/features/trade_compliance/presentation/widgets/hub/regulatory_reports_dashboard_overview.dart"
"_SmallPill",11,"lib/features/arena/presentation/pages/studio/arena_universal_preset_library_page_titles_and_shared_widgets.dart; lib/features/dca/presentation/widgets/portfolio/dca_portfolio_optimizer_common_widgets.dart; lib/features/earn/presentation/widgets/hub/auto_compound_settings_shared.dart; lib/features/earn/presentation/widgets/savings/savings_recommendations_shared.dart; lib/features/earn/presentation/widgets/staking/staking_audit_reports_bounty_common.dart; lib/features/earn/presentation/widgets/staking/staking_regulatory_framework_sheet_common.dart; lib/features/markets/presentation/widgets/tools/market_correlations_diversification_widgets.dart; lib/features/p2p/presentation/widgets/hub/p2p_dashboard_activity_cards.dart; lib/features/p2p/presentation/widgets/orders/p2p_order_page_common.dart; lib/features/trade_compliance/presentation/widgets/governance/transaction_reporting_reports.dart; lib/features/trade_compliance/presentation/widgets/hub/regulatory_reports_dashboard_queue_compliance.dart"
"_SortChips",3,"lib/features/markets/presentation/pages/portfolio/portfolio_tracker_page_holdings_widgets.dart; lib/features/markets/presentation/widgets/tools/market_correlations_pairs_widgets.dart; lib/features/trade/presentation/widgets/hub/position_dashboard_page_sections.dart"
"_SortSelector",3,"lib/features/launchpad/presentation/widgets/bridge/launchpad_bridge_compare_route_list.dart; lib/features/markets/presentation/widgets/tools/market_movers_filters.dart; lib/features/trade_compliance/presentation/widgets/execution/execution_venue_summary.dart"
"_StatCard",11,"lib/features/earn/presentation/widgets/staking/staking_api_documentation_overview.dart; lib/features/markets/presentation/pages/hub/market_overview_page_hero_stats_widgets.dart; lib/features/markets/presentation/widgets/research/social_sentiment_tabs_widgets.dart; lib/features/markets/presentation/widgets/tools/market_derivatives_overview.dart; lib/features/p2p/presentation/pages/dispute/p2p_disputes_page.dart; lib/features/p2p/presentation/widgets/ads/p2p_my_ads_stats_cards.dart; lib/features/p2p/presentation/widgets/merchant/p2p_merchant_profile_header_stats.dart; lib/features/p2p/presentation/widgets/orders/p2p_my_orders_page_sections.dart; lib/features/trade_compliance/presentation/widgets/execution/slippage_monitoring_overview.dart; lib/features/trade_compliance/presentation/widgets/governance/audit_trail_page_sections.dart; lib/features/trade_compliance/presentation/widgets/governance/transaction_reporting_stats.dart"
"_StatCell",4,"lib/features/dca/presentation/widgets/portfolio/dca_portfolio_optimizer_stat_widgets.dart; lib/features/launchpad/presentation/widgets/tools/launchpad_limit_orders_header_widgets.dart; lib/features/predictions/presentation/widgets/social/prediction_event_calendar_notifications.dart; lib/features/predictions/presentation/widgets/social/prediction_tournaments_stats.dart"
"_StatTile",11,"lib/features/earn/presentation/pages/staking/staking_developer_console_page.dart; lib/features/earn/presentation/widgets/staking/staking_community_governance_page_sections.dart; lib/features/earn/presentation/widgets/staking/staking_institutional_overview_batches.dart; lib/features/earn/presentation/widgets/staking/staking_slashing_history_overview.dart; lib/features/earn/presentation/widgets/staking/staking_social_feed_page_common.dart; lib/features/launchpad/presentation/widgets/tools/launchpad_multisig_page_chrome.dart; lib/features/launchpad/presentation/widgets/tools/launchpad_webhooks_stats_header.dart; lib/features/p2p/presentation/pages/dispute/p2p_insurance_fund_page_common.dart; lib/features/p2p/presentation/widgets/security/p2p_blacklist_summary_filters.dart; lib/features/p2p/presentation/widgets/security/p2p_login_history_summary_filters.dart; lib/features/wallet/presentation/widgets/tools/network_status_cards_stats.dart"
"_StatsCard",8,"lib/features/dca/presentation/widgets/schedule/dca_smart_rules_tabs_stats.dart; lib/features/earn/presentation/pages/staking/staking_developer_console_page.dart; lib/features/earn/presentation/widgets/staking/staking_advanced_orders_overview_orders.dart; lib/features/earn/presentation/widgets/staking/staking_institutional_overview_batches.dart; lib/features/launchpad/presentation/widgets/tools/launchpad_limit_orders_header_widgets.dart; lib/features/p2p/presentation/pages/payment/p2p_payment_method_history_page.dart; lib/features/predictions/presentation/widgets/social/prediction_event_calendar_events.dart; lib/features/trade_bots/presentation/widgets/dashboard/bot_history_page_sections.dart"
"_StatsGrid",8,"lib/features/arena/presentation/pages/hub/my_arena_page_hero_and_tabs.dart; lib/features/launchpad/presentation/widgets/tools/launchpad_webhooks_stats_header.dart; lib/features/markets/presentation/pages/hub/market_overview_page_hero_stats_widgets.dart; lib/features/p2p/presentation/widgets/merchant/p2p_merchant_profile_header_stats.dart; lib/features/predictions/presentation/widgets/event/prediction_event_detail_stats_position.dart; lib/features/predictions/presentation/widgets/portfolio/prediction_portfolio_analyzer_overview.dart; lib/features/trade_compliance/presentation/widgets/execution/slippage_monitoring_overview.dart; lib/features/wallet/presentation/widgets/tools/network_status_cards_stats.dart"
"_StatsRow",8,"lib/features/admin/presentation/widgets/ab_test_dashboard_sections.dart; lib/features/earn/presentation/widgets/savings/savings_auto_rebalance_drift_history.dart; lib/features/p2p/presentation/pages/dispute/p2p_disputes_page.dart; lib/features/p2p/presentation/widgets/ads/p2p_my_ads_stats_cards.dart; lib/features/p2p/presentation/widgets/orders/p2p_my_orders_page_sections.dart; lib/features/referral/presentation/widgets/referral_history_page_sections.dart; lib/features/trade_compliance/presentation/widgets/complaints/complaints_handling_overview_header_tabs.dart; lib/features/trade_compliance/presentation/widgets/governance/audit_trail_page_sections.dart"
"_StatusBadge",9,"lib/features/cross_module/presentation/widgets/smart_alert_center_cards.dart; lib/features/dca/presentation/widgets/hub/dca_overview_demo_metrics.dart; lib/features/dca/presentation/widgets/schedule/dca_smart_rules_info_common.dart; lib/features/earn/presentation/widgets/savings/savings_home_positions.dart; lib/features/earn/presentation/widgets/staking/staking_earn_positions_common.dart; lib/features/p2p/presentation/widgets/security/p2p_login_history_common.dart; lib/features/p2p/presentation/widgets/security/p2p_security_center_actions_events.dart; lib/features/trade/presentation/widgets/hub/order_receipt_page_sections.dart; lib/features/wallet/presentation/widgets/tools/wallet_health_score_cards.dart"
"_StatusCard",3,"lib/features/p2p/presentation/widgets/security/p2p_anti_phishing_code_page_sections.dart; lib/features/trade_compliance/presentation/pages/complaints/complaint_tracking_page.dart; lib/features/trade_terminal/presentation/widgets/tools/risk_management_overview.dart"
"_StatusPill",7,"lib/features/arena/presentation/pages/bridge/connected_ecosystem_production_page_handoff_and_shared_widgets.dart; lib/features/arena/presentation/pages/hub/arena_production_ready_page_handoff_and_shared_widgets.dart; lib/features/arena/presentation/widgets/governance/arena_governance_gate_status_widgets.dart; lib/features/launchpad/presentation/widgets/tools/launchpad_dca_builder_strategies.dart; lib/features/launchpad/presentation/widgets/tools/launchpad_limit_orders_active_widgets.dart; lib/features/predictions/presentation/widgets/social/prediction_tournaments_stats.dart; lib/features/trade_copy/presentation/widgets/hub/active_copies_card.dart"
"_StepDot",3,"lib/features/arena/presentation/pages/studio/arena_universal_preset_library_page_demo_and_title_widgets.dart; lib/features/auth/presentation/widgets/two_fa_setup_steps.dart; lib/features/p2p/presentation/pages/merchant/p2p_merchant_apply_page_state.dart"
"_StepRow",7,"lib/features/arena/presentation/pages/governance/arena_guide_page_guide_tab.dart; lib/features/p2p/presentation/pages/dispute/p2p_insurance_fund_page_common.dart; lib/features/p2p/presentation/widgets/hub/p2p_guide_steps_safety.dart; lib/features/p2p/presentation/widgets/payment/p2p_payment_method_verification_flow.dart; lib/features/referral/presentation/pages/referral_home_page_section_cards.dart; lib/features/trade_bots/presentation/widgets/settings/bot_guide_blocks.dart; lib/features/trade_copy/presentation/widgets/safety/copy_education_page_sections.dart"
"_StrategyCard",9,"lib/features/dca/presentation/widgets/portfolio/dca_performance_compare_tabs.dart; lib/features/dca/presentation/widgets/research/dca_backtester_setup.dart; lib/features/earn/presentation/widgets/savings/savings_auto_rebalance_strategy.dart; lib/features/earn/presentation/widgets/savings/savings_recommendations_strategy_card.dart; lib/features/launchpad/presentation/widgets/tools/launchpad_dca_builder_strategies.dart; lib/features/launchpad/presentation/widgets/tools/launchpad_rebalance_strategy.dart; lib/features/trade_bots/presentation/widgets/backtest/bot_strategy_compare_selection.dart; lib/features/trade_bots/presentation/widgets/hub/trading_bots_page_create_bot_sheet.dart; lib/features/trade_bots/presentation/widgets/settings/bot_guide_strategies.dart"
"_SubmitButton",3,"lib/features/p2p/presentation/widgets/wallet/p2p_wallet_transfer_amount.dart; lib/features/trade/presentation/widgets/convert/convert_page_sections.dart; lib/features/trade_copy/presentation/widgets/safety/dispute_resolution_form.dart"
"_SummaryCard",24,"lib/features/admin/presentation/widgets/ab_test_dashboard_sections.dart; lib/features/cross_module/presentation/widgets/cross_module_analytics_cards.dart; lib/features/earn/presentation/widgets/hub/auto_compound_settings_positions.dart; lib/features/earn/presentation/widgets/staking/staking_analytics_summary.dart; lib/features/earn/presentation/widgets/staking/staking_auto_compound_overview.dart; lib/features/earn/presentation/widgets/staking/staking_earnings_summary_tabs.dart; lib/features/earn/presentation/widgets/staking/staking_history_summary_filters.dart; lib/features/markets/presentation/widgets/pair/market_heatmap_summary.dart; lib/features/p2p/presentation/pages/hub/p2p_express_confirm_page.dart; lib/features/p2p/presentation/pages/security/p2p_suspicious_activity_page.dart; lib/features/p2p/presentation/widgets/security/p2p_achievements_page_sections.dart; lib/features/profile/presentation/widgets/profile_api_key_create_result.dart; lib/features/trade/presentation/widgets/hub/position_dashboard_page_sections.dart; lib/features/trade/presentation/widgets/hub/trade_history_export_summary_sections.dart; lib/features/trade_bots/presentation/widgets/dashboard/bot_portfolio_dashboard_page_sections.dart; lib/features/trade_bots/presentation/widgets/settings/bot_tax_reporting_summary.dart; lib/features/trade_compliance/presentation/widgets/client_money/cass_reconciliation_summary_tabs.dart; lib/features/trade_compliance/presentation/widgets/disclosures/ex_post_costs_report_summary.dart; lib/features/trade_compliance/presentation/widgets/execution/best_execution_overview.dart; lib/features/trade_compliance/presentation/widgets/execution/execution_venue_summary.dart; lib/features/trade_copy/presentation/widgets/flow/copy_configuration_risk_summary.dart; lib/features/trade_copy/presentation/widgets/safety/copy_audit_log_summary.dart; lib/features/wallet/presentation/widgets/history/transaction_detail_page_sections.dart; lib/features/wallet/presentation/widgets/tools/network_status_summary.dart"
"_SummaryGrid",7,"lib/features/admin/presentation/widgets/ab_test_dashboard_sections.dart; lib/features/cross_module/presentation/widgets/cross_module_analytics_cards.dart; lib/features/trade_bots/presentation/widgets/dashboard/bot_portfolio_dashboard_page_sections.dart; lib/features/trade_compliance/presentation/widgets/client_money/cass_reconciliation_summary_tabs.dart; lib/features/trade_compliance/presentation/widgets/execution/best_execution_overview.dart; lib/features/trade_compliance/presentation/widgets/execution/execution_venue_summary.dart; lib/features/trade_copy/presentation/widgets/analytics/performance_attribution_summary_tabs.dart"
"_SummaryLine",3,"lib/features/p2p/presentation/pages/hub/p2p_express_confirm_page.dart; lib/features/p2p/presentation/pages/security/p2p_contribution_history_page.dart; lib/features/p2p/presentation/widgets/orders/p2p_order_proof_widgets.dart"
"_SummaryMetric",15,"lib/features/arena/presentation/pages/bridge/connected_ecosystem_production_page_handoff_and_shared_widgets.dart; lib/features/arena/presentation/pages/hub/arena_production_ready_page_handoff_and_shared_widgets.dart; lib/features/earn/presentation/widgets/staking/staking_analytics_summary.dart; lib/features/earn/presentation/widgets/staking/staking_history_summary_filters.dart; lib/features/earn/presentation/widgets/staking/staking_insurance_overview.dart; lib/features/earn/presentation/widgets/staking/staking_validator_selection_summary.dart; lib/features/launchpad/presentation/widgets/tools/launchpad_dca_builder_summary.dart; lib/features/p2p/presentation/pages/security/p2p_contribution_history_page.dart; lib/features/p2p/presentation/widgets/security/p2p_achievements_page_sections.dart; lib/features/predictions/presentation/widgets/portfolio/prediction_portfolio_analyzer_risk.dart; lib/features/predictions/presentation/widgets/portfolio/prediction_risk_calculator_scenarios_guide.dart; lib/features/profile/presentation/widgets/profile_sub_account_summary.dart; lib/features/trade/presentation/widgets/hub/position_dashboard_page_sections.dart; lib/features/trade/presentation/widgets/hub/trade_history_export_summary_sections.dart; lib/features/wallet/presentation/widgets/tools/wallet_manager_all_wallets_tab.dart"
"_SummaryRow",8,"lib/features/arena/presentation/pages/challenge/arena_challenge_detail_page_actions_and_shared_widgets.dart; lib/features/arena/presentation/pages/studio/arena_smart_rule_builder_page_review_submit.dart; lib/features/arena/presentation/widgets/governance/arena_governance_gate_status_widgets.dart; lib/features/p2p/presentation/pages/hub/p2p_express_confirm_page.dart; lib/features/p2p/presentation/pages/merchant/p2p_merchant_apply_page_common.dart; lib/features/p2p/presentation/pages/orders/p2p_order_cancel_page.dart; lib/features/predictions/presentation/widgets/event/prediction_order_receipt_page_common.dart; lib/features/trade_bots/presentation/widgets/dashboard/bot_equity_curve_summary_tabs.dart"
"_SummaryStat",6,"lib/features/earn/presentation/widgets/hub/auto_compound_settings_positions.dart; lib/features/earn/presentation/widgets/savings/savings_goal_summary_card.dart; lib/features/markets/presentation/pages/portfolio/portfolio_tracker_page_performance_widgets.dart; lib/features/profile/presentation/widgets/device_management_page_sections.dart; lib/features/trade_bots/presentation/widgets/settings/bot_tax_reporting_summary.dart; lib/features/wallet/presentation/widgets/tools/network_status_summary.dart"
"_SummaryStats",3,"lib/features/earn/presentation/widgets/staking/staking_validator_health_monitor_page_sections.dart; lib/features/launchpad/presentation/widgets/tools/launchpad_abi_diff_summary.dart; lib/features/markets/presentation/pages/portfolio/portfolio_tracker_page_performance_widgets.dart"
"_SummaryTile",6,"lib/features/earn/presentation/widgets/savings/savings_analytics_summary_range.dart; lib/features/earn/presentation/widgets/savings/savings_backtest_results.dart; lib/features/earn/presentation/widgets/savings/savings_export_summary_widgets.dart; lib/features/earn/presentation/widgets/staking/staking_auto_compound_overview.dart; lib/features/earn/presentation/widgets/staking/staking_validator_health_monitor_page_sections.dart; lib/features/launchpad/presentation/widgets/claim/launchpad_claim_receipt_misc_widgets.dart"
"_SupportCard",4,"lib/features/arena/presentation/pages/governance/arena_guide_page_faq_shared_widgets.dart; lib/features/earn/presentation/widgets/savings/savings_faq_page_common.dart; lib/features/earn/presentation/widgets/staking/staking_withdrawal_policy_emergency.dart; lib/features/p2p/presentation/widgets/merchant/p2p_kyc_status_page_common.dart"
"_SwitchRow",3,"lib/features/arena/presentation/widgets/governance/arena_governance_gate_field_controls.dart; lib/features/arena/presentation/widgets/studio/arena_smart_rule_builder_page_condition_timing_fields.dart; lib/features/earn/presentation/widgets/savings/savings_autopilot_settings.dart"
"_TabContent",4,"lib/features/arena/presentation/pages/challenge/arena_challenge_detail_page_tabs_and_panels.dart; lib/features/arena/presentation/pages/hub/my_arena_page_tab_content.dart; lib/features/arena/presentation/widgets/studio/arena_creator_tabs.dart; lib/features/dca/presentation/widgets/portfolio/dca_portfolio_optimizer_tabs.dart"
"_TableHeader",3,"lib/features/predictions/presentation/widgets/hub/predictions_rewards_table.dart; lib/features/profile/presentation/widgets/profile_vip_overview.dart; lib/features/trade_bots/presentation/widgets/backtest/bot_strategy_compare_metrics.dart"
"_TemplateCard",4,"lib/features/arena/presentation/widgets/studio/arena_studio_steps.dart; lib/features/cross_module/presentation/widgets/smart_alert_center_history_settings.dart; lib/features/dca/presentation/widgets/schedule/dca_smart_rules_cards.dart; lib/features/earn/presentation/widgets/savings/savings_ladder_builder_config.dart"
"_TermsCard",3,"lib/features/p2p/presentation/widgets/ads/p2p_ad_detail_amount_terms.dart; lib/features/trade_bots/presentation/widgets/settings/bot_terms_of_service_page_sections.dart; lib/features/trade_compliance/presentation/widgets/complaints/complaint_submission_page_sections.dart"
"_TextInput",3,"lib/features/earn/presentation/widgets/staking/staking_insurance_sheets.dart; lib/features/earn/presentation/widgets/staking/staking_proof_of_reserves_verify_sheet.dart; lib/features/profile/presentation/widgets/profile_api_key_create_result.dart"
"_TierRow",3,"lib/features/p2p/presentation/pages/dispute/p2p_insurance_fund_page_common.dart; lib/features/profile/presentation/widgets/profile_vip_overview.dart; lib/features/referral/presentation/widgets/referral_rules_page_sections.dart"
"_TimelineCard",7,"lib/features/arena/presentation/widgets/governance/arena_report_case_summary_timeline.dart; lib/features/earn/presentation/widgets/staking/staking_withdrawal_policy_timeline.dart; lib/features/markets/presentation/widgets/research/social_sentiment_overview_widgets.dart; lib/features/p2p/presentation/pages/payment/p2p_payment_method_cooling_period_page.dart; lib/features/p2p/presentation/widgets/orders/p2p_order_content_cards.dart; lib/features/predictions/presentation/widgets/event/prediction_order_receipt_page_sections.dart; lib/features/trade_compliance/presentation/widgets/complaints/complaints_handling_overview_complaints.dart"
"_TimelineRow",5,"lib/features/arena/presentation/widgets/governance/arena_report_case_summary_timeline.dart; lib/features/p2p/presentation/pages/orders/p2p_order_timeline_page.dart; lib/features/p2p/presentation/widgets/orders/p2p_escrow_detail_timeline_actions.dart; lib/features/support/presentation/widgets/support_context_card.dart; lib/features/trade_copy/presentation/widgets/safety/dispute_resolution_common.dart"
"_TinyBadge",7,"lib/features/dca/presentation/widgets/schedule/dca_smart_rules_info_common.dart; lib/features/markets/presentation/pages/research/social_signals_page_signal_provider_widgets.dart; lib/features/markets/presentation/pages/research/token_unlocks_page_schedule_widgets.dart; lib/features/markets/presentation/widgets/tools/market_calendar_events.dart; lib/features/p2p/presentation/widgets/security/p2p_device_management_cards.dart; lib/features/predictions/presentation/widgets/event/prediction_event_detail_common.dart; lib/features/predictions/presentation/widgets/hub/predictions_breaking_page_sections.dart"
"_TinyPill",5,"lib/features/dca/presentation/pages/research/dca_dynamic_amount_page_hero_and_strategy.dart; lib/features/earn/presentation/widgets/savings/savings_goal_visuals.dart; lib/features/launchpad/presentation/widgets/hub/launchpad_performance_chart_common.dart; lib/features/launchpad/presentation/widgets/tools/launchpad_limit_orders_active_widgets.dart; lib/features/referral/presentation/pages/referral_home_page_common.dart"
"_TipCard",4,"lib/features/dev/presentation/widgets/performance_monitor_common.dart; lib/features/earn/presentation/widgets/savings/savings_goal_summary_card.dart; lib/features/wallet/presentation/widgets/tools/wallet_gas_optimizer_tips.dart; lib/features/wallet/presentation/widgets/tools/wallet_health_score_cards.dart"
"_TipsCard",4,"lib/features/markets/presentation/pages/portfolio/advanced_charts_page_indicator_drawing_widgets.dart; lib/features/p2p/presentation/widgets/ads/p2p_ad_analytics_breakdown_cards.dart; lib/features/p2p/presentation/widgets/merchant/p2p_selfie_verification_page_sections.dart; lib/features/p2p/presentation/widgets/orders/p2p_order_proof_widgets.dart"
"_ToggleSwitch",8,"lib/features/cross_module/presentation/pages/tax_report_center_settings_tab.dart; lib/features/cross_module/presentation/widgets/smart_alert_center_history_settings.dart; lib/features/earn/presentation/widgets/hub/auto_compound_settings_shared.dart; lib/features/earn/presentation/widgets/savings/savings_notifications_settings.dart; lib/features/earn/presentation/widgets/staking/staking_auto_compound_positions.dart; lib/features/earn/presentation/widgets/staking/staking_notifications_page_common.dart; lib/features/profile/presentation/widgets/api_management_key_controls.dart; lib/features/trade_copy/presentation/widgets/hub/copy_settings_controls.dart"
"_TokenAvatar",4,"lib/features/launchpad/presentation/widgets/claim/launchpad_batch_claim_selection.dart; lib/features/launchpad/presentation/widgets/claim/launchpad_claim_receipt_hero_widgets.dart; lib/features/markets/presentation/pages/research/token_unlocks_page_schedule_widgets.dart; lib/features/markets/presentation/widgets/research/token_info_tabs_widgets.dart"
"_ToneIcon",4,"lib/features/arena/presentation/pages/bridge/arena_prediction_bridge_foundation_page_examples_and_shared_widgets.dart; lib/features/arena/presentation/pages/governance/arena_blocked_users_page.dart; lib/features/arena/presentation/widgets/governance/arena_report_case_related_common.dart; lib/features/arena/presentation/widgets/governance/arena_safety_center_page_common.dart"
"_TopTabs",3,"lib/features/dca/presentation/pages/portfolio/dca_multi_asset_page_setup.dart; lib/features/dca/presentation/widgets/portfolio/dca_performance_compare_tabs.dart; lib/features/dca/presentation/widgets/schedule/dca_smart_rules_tabs_stats.dart"
"_TransactionCard",4,"lib/features/earn/presentation/widgets/savings/savings_history_page_common.dart; lib/features/earn/presentation/widgets/staking/staking_history_detail_list.dart; lib/features/earn/presentation/widgets/staking/staking_transaction_reporting_transaction_widgets.dart; lib/features/p2p/presentation/pages/payment/p2p_payment_method_history_page.dart"
"_TypeBadge",5,"lib/features/arena/presentation/widgets/points/arena_points_ledger_page_sections.dart; lib/features/dca/presentation/widgets/schedule/dca_smart_rules_info_common.dart; lib/features/trade/presentation/widgets/hub/orders_history_page_common.dart; lib/features/trade/presentation/widgets/hub/position_dashboard_page_common.dart; lib/features/trade_copy/presentation/widgets/safety/copy_audit_log_events.dart"
"_UnderlineTabs",3,"lib/features/trade_compliance/presentation/pages/execution/market_data_analytics_page.dart; lib/features/trade_terminal/presentation/widgets/tools/advanced_analytics_page_shared.dart; lib/features/trade_terminal/presentation/widgets/tools/advanced_trading_demo_page_sections.dart"
"_UploadSection",3,"lib/features/p2p/presentation/widgets/merchant/p2p_identity_verification_page_sections.dart; lib/features/p2p/presentation/widgets/orders/p2p_order_proof_widgets.dart; lib/features/p2p/presentation/widgets/security/p2p_address_proof_page_sections.dart"
"_WarningBanner",5,"lib/features/auth/presentation/widgets/two_fa_setup_verify.dart; lib/features/earn/presentation/pages/staking/staking_emergency_actions_page.dart; lib/features/earn/presentation/widgets/staking/staking_risk_disclosure_overview.dart; lib/features/trade_bots/presentation/widgets/settings/bot_emergency_stop_page_sections.dart; lib/features/trade_copy/presentation/pages/provider/provider_comparison_page.dart"
"_WarningBox",3,"lib/features/earn/presentation/widgets/staking/staking_withdrawal_policy_common.dart; lib/features/trade_compliance/presentation/widgets/client_money/investor_compensation_page_common.dart; lib/features/trade_compliance/presentation/widgets/disclosures/ex_ante_costs_scenarios_actions.dart"
"_WarningCard",8,"lib/features/dca/presentation/widgets/portfolio/dca_performance_compare_analysis.dart; lib/features/p2p/presentation/pages/security/p2p_blacklist_add_page.dart; lib/features/p2p/presentation/widgets/security/p2p_anti_phishing_code_page_sections.dart; lib/features/predictions/presentation/widgets/social/prediction_data_integration_common.dart; lib/features/profile/presentation/widgets/profile_api_key_create_result.dart; lib/features/trade/presentation/widgets/futures/leverage_impact_confirm.dart; lib/features/trade_copy/presentation/widgets/safety/copy_safety_metrics_tools.dart; lib/features/wallet/presentation/widgets/transfer/deposit_page_sections.dart"
"_WarningNote",3,"lib/features/earn/presentation/widgets/staking/staking_insurance_overview.dart; lib/features/earn/presentation/widgets/staking/staking_regulatory_framework_sheet_common.dart; lib/features/p2p/presentation/widgets/payment/p2p_payment_method_verification_flow.dart"
