screen_id,route,page_widget,layout_pattern,vpc_owner_file,rules_1_6_status,l1,l2,l5,l3,exception_reason
AppRouteNames.sc415TargetMarketDefinitionDetail,'${AppRoutePaths.tradeCopyTargetMarketDefinition}/:productId',TargetMarketDefinitionPage,shared_shell,features/trade_compliance/presentation/pages/governance/target_market_definition_page.dart,R1:pass|R2:pass|R3:pass|R4:pass|R5:pass|R6:pass,pass,pass,pass,pass,
AppRouteNames.sc138DepositUsdt,'${AppRoutePaths.walletDeposit}/:asset',DepositPage,shared_shell,features/wallet/presentation/pages/transfer/deposit_page.dart,R1:pass|R2:pass|R3:pass|R4:pass|R5:pass|R6:pass,pass,pass,pass,pass,
AppRouteNames.sc140WithdrawUsdt,'${AppRoutePaths.walletWithdraw}/:asset',WithdrawPage,shared_shell,features/wallet/presentation/pages/transfer/withdraw_page.dart,R1:pass|R2:pass|R3:pass|R4:pass|R5:pass|R6:pass,unknown,unknown,pass,exception:unmapped,unmapped
AppRouteNames.sc190ArenaChallengeDetail,'/arena/challenge/:challengeId',ArenaChallengeDetailPage,direct_vpc,features/arena/presentation/pages/challenge/arena_challenge_detail_page.dart,R1:pass|R2:pass|R3:pass|R4:pass|R5:pass|R6:pass,pass,pass,pass,pass,
AppRouteNames.sc193ArenaCreator,'/arena/creator/:creatorId',ArenaCreatorPage,direct_vpc,features/arena/presentation/pages/studio/arena_creator_page.dart,R1:pass|R2:pass|R3:pass|R4:pass|R5:pass|R6:pass,pass,pass,pass,pass,
AppRouteNames.sc191ArenaJoin,'/arena/join/:challengeId',ArenaJoinPage,direct_vpc,features/arena/presentation/pages/challenge/arena_join_page.dart,R1:pass|R2:pass|R3:pass|R4:pass|R5:pass|R6:pass,pass,pass,pass,pass,
AppRouteNames.sc200ArenaPointsEntryDetail,'/arena/ledger/entry/:entryId',ArenaPointsEntryDetailPage,direct_vpc,features/arena/presentation/pages/points/arena_points_entry_detail_page.dart,R1:pass|R2:pass|R3:pass|R4:pass|R5:pass|R6:pass,pass,pass,pass,pass,
AppRouteNames.sc189ArenaModeDetail,'/arena/mode/:modeId',ArenaModeDetailPage,direct_vpc,features/arena/presentation/pages/challenge/arena_mode_detail_page.dart,R1:pass|R2:pass|R3:pass|R4:pass|R5:pass|R6:pass,pass,pass,pass,pass,
AppRouteNames.sc202ArenaReportCase,'/arena/report/:caseId',ArenaReportCasePage,direct_vpc,features/arena/presentation/pages/governance/arena_report_case_page.dart,R1:pass|R2:pass|R3:pass|R4:pass|R5:pass|R6:pass,pass,pass,pass,pass,
AppRouteNames.sc199ArenaTrustBreakdown,'/arena/trust/:userId',ArenaTrustBreakdownPage,direct_vpc,features/arena/presentation/pages/governance/arena_trust_breakdown_page.dart,R1:pass|R2:pass|R3:pass|R4:pass|R5:pass|R6:pass,pass,pass,pass,pass,
AppRouteNames.sc408DcaRebalanceEdit,'/dca/rebalance/:configId/edit',DCARebalanceConfig,direct_vpc,features/dca/presentation/pages/portfolio/dca_rebalance_config_page.dart,R1:pass|R2:pass|R3:pass|R4:pass|R5:pass|R6:pass,pass,pass,pass,pass,
AppRouteNames.sc409DcaRebalanceHistory,'/dca/rebalance/:configId/history',DCARebalanceDashboard,direct_vpc,features/dca/presentation/pages/portfolio/dca_rebalance_dashboard_page.dart,R1:pass|R2:pass|R3:pass|R4:pass|R5:pass|R6:pass,pass,pass,pass,pass,
AppRouteNames.sc041PredictionAdvancedChart,'/markets/predictions/advanced-chart/:eventId',PredictionAdvancedChartPage,flush_chart,features/predictions/presentation/pages/event/prediction_advanced_chart_page.dart,R1:pass|R2:pass|R3:pass|R4:pass|R5:pass|R6:pass,pass,pass,pass,exception:flush_chart,exception:flush_chart
AppRouteNames.sc030PredictionEventDetail,'/markets/predictions/event/:eventId',PredictionEventDetailPage,direct_vpc,features/predictions/presentation/pages/event/prediction_event_detail_page.dart,R1:pass|R2:pass|R3:pass|R4:pass|R5:pass|R6:pass,pass,pass,pass,pass,
AppRouteNames.sc035PredictionOrderReceipt,'/markets/predictions/receipt/:receiptId',PredictionOrderReceiptPage,direct_vpc,features/predictions/presentation/pages/event/prediction_order_receipt_page.dart,R1:pass|R2:pass|R3:pass|R4:pass|R5:pass|R6:pass,pass,pass,pass,pass,
AppRouteNames.sc414PredictionTournamentDetail,'/markets/predictions/tournament/:tournamentId',PredictionTournamentDetailPage,direct_vpc,features/predictions/presentation/pages/prediction_tournaments_page.dart,R1:pass|R2:pass|R3:pass|R4:pass|R5:pass|R6:pass,pass,pass,pass,pass,
AppRouteNames.sc223P2PAdAnalytics,'/p2p/ad-analytics/:adId',P2PAdAnalyticsPage,direct_vpc,features/p2p/presentation/pages/ads/p2p_ad_analytics_page.dart,R1:pass|R2:pass|R3:pass|R4:pass|R5:pass|R6:pass,pass,pass,pass,pass,
AppRouteNames.sc224P2PAdDetail,'/p2p/ad/:adId',P2PAdDetailPage,direct_vpc,features/p2p/presentation/pages/ads/p2p_ad_detail_page.dart,R1:pass|R2:pass|R3:pass|R4:pass|R5:pass|R6:pass,pass,pass,pass,pass,
AppRouteNames.sc217P2PChat,'/p2p/chat/:orderId',P2PChatPage,direct_vpc,features/p2p/presentation/pages/orders/p2p_chat_page.dart,R1:pass|R2:pass|R3:pass|R4:pass|R5:pass|R6:pass,pass,pass,pass,pass,
AppRouteNames.sc221P2PDispute,'/p2p/dispute/:orderId',P2PDisputePage,direct_vpc,features/p2p/presentation/pages/dispute/p2p_dispute_page.dart,R1:pass|R2:pass|R3:pass|R4:pass|R5:pass|R6:pass,pass,pass,pass,pass,
AppRouteNames.sc218P2PDisputeDetail,'/p2p/dispute/detail/:disputeId',P2PDisputeDetailPage,direct_vpc,features/p2p/presentation/pages/dispute/p2p_dispute_detail_page.dart,R1:pass|R2:pass|R3:pass|R4:pass|R5:pass|R6:pass,pass,pass,pass,pass,
AppRouteNames.sc219P2PDisputeEvidence,'/p2p/dispute/evidence/:disputeId',P2PDisputeEvidencePage,direct_vpc,features/p2p/presentation/pages/dispute/p2p_dispute_evidence_page.dart,R1:pass|R2:pass|R3:pass|R4:pass|R5:pass|R6:pass,pass,pass,pass,pass,
AppRouteNames.sc220P2PDisputeResolution,'/p2p/dispute/resolution/:disputeId',P2PDisputeResolutionPage,direct_vpc,features/p2p/presentation/pages/dispute/p2p_dispute_resolution_page.dart,R1:pass|R2:pass|R3:pass|R4:pass|R5:pass|R6:pass,pass,pass,pass,pass,
AppRouteNames.sc246P2PEscrowDetail,'/p2p/escrow/:orderId',P2PEscrowDetailPage,shared_shell,features/p2p/presentation/pages/orders/p2p_escrow_detail_page.dart,R1:pass|R2:pass|R3:pass|R4:pass|R5:pass|R6:pass,pass,pass,pass,pass,
AppRouteNames.sc243P2PClaimDetail,'/p2p/insurance/claim/:claimId',P2PClaimDetailPage,shared_shell,features/p2p/presentation/pages/dispute/p2p_claim_detail_page.dart,R1:pass|R2:pass|R3:pass|R4:pass|R5:pass|R6:pass,pass,pass,pass,pass,
AppRouteNames.sc228P2PMerchantProfile,'/p2p/merchant/:merchantId',P2PMerchantProfilePage,shared_shell,features/p2p/presentation/pages/merchant/p2p_merchant_profile_page.dart,R1:pass|R2:pass|R3:pass|R4:pass|R5:pass|R6:pass,pass,pass,pass,pass,
AppRouteNames.sc216P2POrder,'/p2p/order/:orderId',P2POrderPage,direct_vpc,features/p2p/presentation/pages/orders/p2p_order_page.dart,R1:pass|R2:pass|R3:pass|R4:pass|R5:pass|R6:pass,pass,pass,pass,pass,
AppRouteNames.sc214P2POrderCancel,'/p2p/order/cancel/:orderId',P2POrderCancelPage,direct_vpc,features/p2p/presentation/pages/orders/p2p_order_cancel_page.dart,R1:pass|R2:pass|R3:pass|R4:pass|R5:pass|R6:pass,pass,pass,pass,pass,
AppRouteNames.sc215P2POrderProof,'/p2p/order/proof/:orderId',P2POrderProofPage,direct_vpc,features/p2p/presentation/pages/orders/p2p_order_proof_page.dart,R1:pass|R2:pass|R3:pass|R4:pass|R5:pass|R6:pass,pass,pass,pass,pass,
AppRouteNames.sc213P2POrderRate,'/p2p/order/rate/:orderId',P2POrderRatePage,direct_vpc,features/p2p/presentation/pages/orders/p2p_order_rate_page.dart,R1:pass|R2:pass|R3:pass|R4:pass|R5:pass|R6:pass,pass,pass,pass,pass,
AppRouteNames.sc212P2POrderTimeline,'/p2p/order/timeline/:orderId',P2POrderTimelinePage,direct_vpc,features/p2p/presentation/pages/orders/p2p_order_timeline_page.dart,R1:pass|R2:pass|R3:pass|R4:pass|R5:pass|R6:pass,pass,pass,pass,pass,
AppRouteNames.sc234P2PPaymentMethodOwnership,'/p2p/payment-method/ownership/:methodId',P2PPaymentMethodOwnershipPage,shared_shell,features/p2p/presentation/pages/payment/p2p_payment_method_ownership_page.dart,R1:pass|R2:pass|R3:pass|R4:pass|R5:pass|R6:pass,pass,pass,pass,pass,
AppRouteNames.sc233P2PPaymentMethodVerification,'/p2p/payment-method/verification/:methodId',P2PPaymentMethodVerificationPage,direct_vpc,features/p2p/presentation/pages/payment/p2p_payment_method_verification_page.dart,R1:pass|R2:pass|R3:pass|R4:pass|R5:pass|R6:pass,pass,pass,pass,pass,
AppRouteNames.sc229P2PReportMerchant,'/p2p/report/:merchantId',P2PReportMerchantPage,direct_vpc,features/p2p/presentation/pages/security/p2p_report_merchant_page.dart,R1:pass|R2:pass|R3:pass|R4:pass|R5:pass|R6:pass,pass,pass,pass,pass,
AppRouteNames.sc407P2PTaxReportDetail,'/p2p/tax-report/detailed/:year',P2PTaxReportingPage,direct_vpc,features/p2p/presentation/pages/security/p2p_tax_reporting_page.dart,R1:pass|R2:pass|R3:pass|R4:pass|R5:pass|R6:pass,pass,pass,pass,pass,
AppRouteNames.sc044PairDetail,'/pair/:pairId',PairDetailPage,direct_vpc,features/markets/presentation/pages/pair/pair_detail_page.dart,R1:pass|R2:pass|R3:pass|R4:pass|R5:pass|R6:pass,pass,pass,pass,pass,
AppRouteNames.sc046PairDepth,'/pair/:pairId/depth',MarketDepthPage,direct_vpc,features/markets/presentation/pages/pair/market_depth_page.dart,R1:pass|R2:pass|R3:pass|R4:pass|R5:pass|R6:pass,pass,pass,pass,pass,
AppRouteNames.sc045TokenInfo,'/pair/:pairId/info',TokenInfoPage,direct_vpc,features/markets/presentation/pages/research/token_info_page.dart,R1:pass|R2:pass|R3:pass|R4:pass|R5:pass|R6:pass,pass,pass,pass,pass,
AppRouteNames.sc289ReferralFriendDetail,'/referral/friend/:friendId',ReferralFriendDetailPage,direct_vpc,features/referral/presentation/pages/referral_friend_detail_page.dart,R1:pass|R2:pass|R3:pass|R4:pass|R5:pass|R6:pass,pass,pass,pass,pass,
AppRouteNames.sc049TradePair,'/trade/:pairId',TradePage,shared_shell,features/trade/presentation/pages/hub/trade_page.dart,R1:pass|R2:pass|R3:pass|R4:pass|R5:pass|R6:pass,pass,pass,pass,pass,
AppRouteNames.sc057Futures,'/trade/:pairId/futures',FuturesPage,shared_shell,features/trade/presentation/pages/futures/futures_page.dart,R1:pass|R2:pass|R3:pass|R4:pass|R5:pass|R6:pass,pass,pass,pass,pass,
AppRouteNames.sc058Leverage,'/trade/:pairId/futures/leverage',LeveragePage,shared_shell,features/trade/presentation/pages/futures/leverage_page.dart,R1:pass|R2:pass|R3:pass|R4:pass|R5:pass|R6:pass,pass,pass,pass,pass,
AppRouteNames.sc055AdvancedChart,'/trade/advanced-chart/:pairId',AdvancedChartPage,direct_vpc,features/trade_terminal/presentation/pages/tools/advanced_chart_page.dart,R1:pass|R2:pass|R3:pass|R4:pass|R5:pass|R6:pass,pass,pass,pass,pass,
AppRouteNames.sc077CopyAuditLog,'/trade/copy-audit-log/:copyId',CopyAuditLogPage,shared_shell,features/trade_copy/presentation/pages/safety/copy_audit_log_page.dart,R1:pass|R2:pass|R3:pass|R4:pass|R5:pass|R6:pass,pass,pass,pass,pass,
AppRouteNames.sc074CopyPerformance,'/trade/copy-performance/:copyId',CopyPerformancePage,shared_shell,features/trade_copy/presentation/pages/analytics/copy_performance_page.dart,R1:pass|R2:pass|R3:pass|R4:pass|R5:pass|R6:pass,pass,pass,pass,pass,
AppRouteNames.sc075PerformanceAttribution,'/trade/copy-performance/:copyId/attribution',PerformanceAttributionPage,direct_vpc,features/trade_copy/presentation/pages/analytics/performance_attribution_page.dart,R1:pass|R2:pass|R3:pass|R4:pass|R5:pass|R6:pass,pass,pass,pass,pass,
AppRouteNames.sc070CopyProviderDetail,'/trade/copy-provider/:providerId',CopyProviderDetailPage,shared_shell,features/trade_copy/presentation/pages/provider/copy_provider_detail_page.dart,R1:pass|R2:pass|R3:pass|R4:pass|R5:pass|R6:pass,pass,pass,pass,pass,
AppRouteNames.sc071PreCopyAssessment,'/trade/copy-provider/:providerId/assessment',PreCopyAssessmentPage,shared_shell,features/trade_copy/presentation/pages/flow/pre_copy_assessment_page.dart,R1:pass|R2:pass|R3:pass|R4:pass|R5:pass|R6:pass,pass,pass,pass,pass,
AppRouteNames.sc072CopyConfiguration,'/trade/copy-provider/:providerId/configuration',CopyConfigurationPage,shared_shell,features/trade_copy/presentation/pages/flow/copy_configuration_page.dart,R1:pass|R2:pass|R3:pass|R4:pass|R5:pass|R6:pass,pass,pass,pass,pass,
AppRouteNames.sc073CopyConfirmation,'/trade/copy-provider/:providerId/confirmation',CopyConfirmationPage,shared_shell,features/trade_copy/presentation/pages/flow/copy_confirmation_page.dart,R1:pass|R2:pass|R3:pass|R4:pass|R5:pass|R6:pass,pass,pass,pass,pass,
AppRouteNames.sc416ComplaintTrackingDetail,'/trade/copy-trading/complaint-tracking/:complaintId',ComplaintTrackingPage,shared_shell,features/trade_compliance/presentation/pages/complaints/complaint_tracking_page.dart,R1:pass|R2:pass|R3:pass|R4:pass|R5:pass|R6:pass,pass,pass,pass,pass,
AppRouteNames.sc087TraderProfile,'/trade/trader/:traderId',TraderProfilePage,direct_vpc,features/trade_copy/presentation/pages/provider/trader_profile_page.dart,R1:pass|R2:pass|R3:pass|R4:pass|R5:pass|R6:pass,pass,pass,pass,pass,
AppRouteNames.sc147AssetDetail,'/wallet/asset/:assetId',AssetDetailPage,direct_vpc,features/wallet/presentation/pages/assets/asset_detail_page.dart,R1:pass|R2:pass|R3:pass|R4:pass|R5:pass|R6:pass,pass,pass,pass,pass,
AppRouteNames.sc141TransactionDetail,'/wallet/transaction/:txId',TransactionDetailPage,shared_shell,features/wallet/presentation/pages/history/transaction_detail_page.dart,R1:pass|R2:pass|R3:pass|R4:pass|R5:pass|R6:pass,pass,pass,pass,pass,
AppRouteNames.sc180AdminHome,AppRoutePaths.admin,InternalSurfaceGate,direct_vpc,features/admin/presentation/pages/admin_home.dart,R1:pass|R2:pass|R3:pass|R4:pass|R5:pass|R6:pass,pass,pass,pass,pass,
AppRouteNames.sc182AbTestDashboard,AppRoutePaths.adminAbtests,InternalSurfaceGate,direct_vpc,features/admin/presentation/pages/ab_test_dashboard.dart,R1:pass|R2:pass|R3:pass|R4:pass|R5:pass|R6:pass,pass,pass,pass,pass,
AppRouteNames.sc181AnalyticsDashboard,AppRoutePaths.adminAnalytics,InternalSurfaceGate,direct_vpc,features/admin/presentation/pages/analytics_dashboard.dart,R1:pass|R2:pass|R3:pass|R4:pass|R5:pass|R6:pass,pass,pass,pass,pass,
AppRouteNames.sc183FunnelDashboard,AppRoutePaths.adminFunnels,InternalSurfaceGate,direct_vpc,features/admin/presentation/pages/funnel_dashboard.dart,R1:pass|R2:pass|R3:pass|R4:pass|R5:pass|R6:pass,pass,pass,pass,pass,
AppRouteNames.sc410AdminSettings,AppRoutePaths.adminSettings,InternalSurfaceGate,direct_vpc,features/admin/presentation/pages/admin_settings_page.dart,R1:pass|R2:pass|R3:pass|R4:pass|R5:pass|R6:pass,pass,pass,pass,pass,
AppRouteNames.sc184ArenaHome,AppRoutePaths.arena,ArenaHomePage,direct_vpc,features/arena/presentation/pages/hub/arena_home_page.dart,R1:pass|R2:pass|R3:pass|R4:pass|R5:pass|R6:pass,pass,pass,pass,pass,
AppRouteNames.sc203ArenaBlockedUsers,AppRoutePaths.arenaBlocked,ArenaBlockedUsersPage,direct_vpc,features/arena/presentation/pages/governance/arena_blocked_users_page.dart,R1:pass|R2:pass|R3:pass|R4:pass|R5:pass|R6:pass,pass,pass,pass,pass,
AppRouteNames.sc207ArenaPredictionBridgeFoundation,AppRoutePaths.arenaBridge,ArenaPredictionBridgeFoundationPage,direct_vpc,features/arena/presentation/pages/bridge/arena_prediction_bridge_foundation_page.dart,R1:pass|R2:pass|R3:pass|R4:pass|R5:pass|R6:pass,pass,pass,pass,pass,
AppRouteNames.sc208ConnectedEcosystemProduction,AppRoutePaths.arenaEcosystem,ConnectedEcosystemProductionPage,direct_vpc,features/arena/presentation/pages/bridge/connected_ecosystem_production_page.dart,R1:pass|R2:pass|R3:pass|R4:pass|R5:pass|R6:pass,pass,pass,pass,pass,
AppRouteNames.sc197ArenaFlowMap,AppRoutePaths.arenaFlowMap,ArenaFlowMapPage,direct_vpc,features/arena/presentation/pages/hub/arena_flow_map_page.dart,R1:pass|R2:pass|R3:pass|R4:pass|R5:pass|R6:pass,pass,pass,pass,pass,
AppRouteNames.sc209ArenaGuide,AppRoutePaths.arenaGuide,ArenaGuidePage,direct_vpc,features/arena/presentation/pages/governance/arena_guide_page.dart,R1:pass|R2:pass|R3:pass|R4:pass|R5:pass|R6:pass,pass,pass,pass,pass,
AppRouteNames.sc194ArenaLeaderboard,AppRoutePaths.arenaLeaderboard,ArenaLeaderboardPage,direct_vpc,features/arena/presentation/pages/challenge/arena_leaderboard_page.dart,R1:pass|R2:pass|R3:pass|R4:pass|R5:pass|R6:pass,pass,pass,pass,pass,
AppRouteNames.sc201ArenaPointsLedger,AppRoutePaths.arenaLedger,ArenaPointsLedgerPage,direct_vpc,features/arena/presentation/pages/points/arena_points_ledger_page.dart,R1:pass|R2:pass|R3:pass|R4:pass|R5:pass|R6:pass,pass,pass,pass,pass,
AppRouteNames.sc205MyArena,AppRoutePaths.arenaMy,MyArenaPage,direct_vpc,features/arena/presentation/pages/hub/my_arena_page.dart,R1:pass|R2:pass|R3:pass|R4:pass|R5:pass|R6:pass,pass,pass,pass,pass,
AppRouteNames.sc204MyArenaReports,AppRoutePaths.arenaMyReports,MyArenaReportsPage,direct_vpc,features/arena/presentation/pages/governance/my_arena_reports_page.dart,R1:pass|R2:pass|R3:pass|R4:pass|R5:pass|R6:pass,pass,pass,pass,pass,
AppRouteNames.sc206ArenaProductionReady,AppRoutePaths.arenaProduction,ArenaProductionReadyPage,direct_vpc,features/arena/presentation/pages/hub/arena_production_ready_page.dart,R1:pass|R2:pass|R3:pass|R4:pass|R5:pass|R6:pass,pass,pass,pass,pass,
AppRouteNames.sc192ArenaResolutionCenter,AppRoutePaths.arenaResolution,ArenaResolutionCenterPage,direct_vpc,features/arena/presentation/pages/governance/arena_resolution_center_page.dart,R1:pass|R2:pass|R3:pass|R4:pass|R5:pass|R6:pass,pass,pass,pass,pass,
AppRouteNames.sc198ArenaSafetyCenter,AppRoutePaths.arenaSafety,ArenaSafetyCenterPage,direct_vpc,features/arena/presentation/pages/governance/arena_safety_center_page.dart,R1:pass|R2:pass|R3:pass|R4:pass|R5:pass|R6:pass,pass,pass,pass,pass,
AppRouteNames.sc185ArenaStudio,AppRoutePaths.arenaStudio,ArenaStudioPage,direct_vpc,features/arena/presentation/pages/studio/arena_studio_page.dart,R1:pass|R2:pass|R3:pass|R4:pass|R5:pass|R6:pass,pass,pass,pass,pass,
AppRouteNames.sc188ArenaGovernanceGate,AppRoutePaths.arenaStudioGovernance,ArenaGovernanceGatePage,direct_vpc,features/arena/presentation/pages/governance/arena_governance_gate_page.dart,R1:pass|R2:pass|R3:pass|R4:pass|R5:pass|R6:pass,pass,pass,pass,pass,
AppRouteNames.sc187ArenaPresetLibrary,AppRoutePaths.arenaStudioPresets,ArenaUniversalPresetLibraryPage,direct_vpc,features/arena/presentation/pages/studio/arena_universal_preset_library_page.dart,R1:pass|R2:pass|R3:pass|R4:pass|R5:pass|R6:pass,pass,pass,pass,pass,
AppRouteNames.sc186ArenaSmartRules,AppRoutePaths.arenaStudioSmartRules,ArenaSmartRuleBuilderPage,direct_vpc,features/arena/presentation/pages/studio/arena_smart_rule_builder_page.dart,R1:pass|R2:pass|R3:pass|R4:pass|R5:pass|R6:pass,pass,pass,pass,pass,
AppRouteNames.sc195VerifiedChallenges,AppRoutePaths.arenaVerified,VerifiedChallengesPage,direct_vpc,features/arena/presentation/pages/challenge/verified_challenges_page.dart,R1:pass|R2:pass|R3:pass|R4:pass|R5:pass|R6:pass,pass,pass,pass,pass,
AppRouteNames.sc004TwoFaSetup,AppRoutePaths.auth2faSetup,AuthRouteShell,direct_vpc,features/auth/presentation/pages/two_fa_setup_page.dart,R1:pass|R2:pass|R3:pass|R4:pass|R5:pass|R6:pass,pass,pass,pass,pass,
AppRouteNames.sc005ForgotPassword,AppRoutePaths.authForgotPassword,AuthRouteShell,direct_vpc,features/auth/presentation/pages/forgot_password_page.dart,R1:pass|R2:pass|R3:pass|R4:pass|R5:pass|R6:pass,pass,pass,pass,pass,
AppRouteNames.sc001Login,AppRoutePaths.authLogin,AuthRouteShell,direct_vpc,features/auth/presentation/pages/login_page.dart,R1:pass|R2:pass|R3:pass|R4:pass|R5:pass|R6:pass,pass,pass,pass,pass,
AppRouteNames.sc003Otp,AppRoutePaths.authOtp,AuthRouteShell,direct_vpc,features/auth/presentation/pages/otp_page.dart,R1:pass|R2:pass|R3:pass|R4:pass|R5:pass|R6:pass,pass,pass,pass,pass,
AppRouteNames.sc002Register,AppRoutePaths.authRegister,AuthRouteShell,direct_vpc,features/auth/presentation/pages/register_page.dart,R1:pass|R2:pass|R3:pass|R4:pass|R5:pass|R6:pass,pass,pass,pass,pass,
AppRouteNames.sc006ResetPassword,AppRoutePaths.authResetPassword,AuthRouteShell,direct_vpc,features/auth/presentation/pages/reset_password_page.dart,R1:pass|R2:pass|R3:pass|R4:pass|R5:pass|R6:pass,pass,pass,pass,pass,
AppRouteNames.sc322CrossModuleAnalytics,AppRoutePaths.crossModuleAnalytics,CrossModuleAnalytics,shared_shell,features/cross_module/presentation/pages/cross_module_analytics.dart,R1:pass|R2:pass|R3:pass|R4:pass|R5:pass|R6:pass,pass,pass,pass,pass,
AppRouteNames.sc169Dca,AppRoutePaths.dca,DCAPage,direct_vpc,features/dca/presentation/pages/hub/dca_page.dart,R1:pass|R2:pass|R3:pass|R4:pass|R5:pass|R6:pass,pass,pass,pass,pass,
AppRouteNames.sc176DcaBacktester,AppRoutePaths.dcaBacktester,DCABacktesterPage,direct_vpc,features/dca/presentation/pages/research/dca_backtester_page.dart,R1:pass|R2:pass|R3:pass|R4:pass|R5:pass|R6:pass,pass,pass,pass,pass,
AppRouteNames.sc175DcaDynamicAmount,AppRoutePaths.dcaDynamicAmount,DCADynamicAmount,direct_vpc,features/dca/presentation/pages/research/dca_dynamic_amount_page.dart,R1:pass|R2:pass|R3:pass|R4:pass|R5:pass|R6:pass,pass,pass,pass,pass,
AppRouteNames.sc177DcaMultiAsset,AppRoutePaths.dcaMultiAsset,DCAMultiAssetPage,direct_vpc,features/dca/presentation/pages/portfolio/dca_multi_asset_page.dart,R1:pass|R2:pass|R3:pass|R4:pass|R5:pass|R6:pass,pass,pass,pass,pass,
AppRouteNames.sc178DcaPerformanceCompare,AppRoutePaths.dcaPerformanceCompare,DCAPerformanceComparePage,direct_vpc,features/dca/presentation/pages/portfolio/dca_performance_compare_page.dart,R1:pass|R2:pass|R3:pass|R4:pass|R5:pass|R6:pass,pass,pass,pass,pass,
AppRouteNames.sc174DcaPortfolioOptimizer,AppRoutePaths.dcaPortfolioOptimizer,DCAPortfolioOptimizer,direct_vpc,features/dca/presentation/pages/portfolio/dca_portfolio_optimizer_page.dart,R1:pass|R2:pass|R3:pass|R4:pass|R5:pass|R6:pass,pass,pass,pass,pass,
AppRouteNames.sc170DcaRebalanceConfig,AppRoutePaths.dcaRebalanceConfig,DCARebalanceConfig,direct_vpc,features/dca/presentation/pages/portfolio/dca_rebalance_config_page.dart,R1:pass|R2:pass|R3:pass|R4:pass|R5:pass|R6:pass,pass,pass,pass,pass,
AppRouteNames.sc171DcaRebalanceDashboard,AppRoutePaths.dcaRebalanceDashboard,DCARebalanceDashboard,direct_vpc,features/dca/presentation/pages/portfolio/dca_rebalance_dashboard_page.dart,R1:pass|R2:pass|R3:pass|R4:pass|R5:pass|R6:pass,pass,pass,pass,pass,
AppRouteNames.sc173DcaScheduleAnalytics,AppRoutePaths.dcaScheduleAnalytics,DCAScheduleAnalytics,direct_vpc,features/dca/presentation/pages/schedule/dca_schedule_analytics_page.dart,R1:pass|R2:pass|R3:pass|R4:pass|R5:pass|R6:pass,pass,pass,pass,pass,
AppRouteNames.sc172DcaScheduleConfig,AppRoutePaths.dcaScheduleConfig,DCAScheduleConfig,direct_vpc,features/dca/presentation/pages/schedule/dca_schedule_config_page.dart,R1:pass|R2:pass|R3:pass|R4:pass|R5:pass|R6:pass,pass,pass,pass,pass,
AppRouteNames.sc179DcaSmartRules,AppRoutePaths.dcaSmartRules,DCASmartRulesPage,direct_vpc,features/dca/presentation/pages/schedule/dca_smart_rules_page.dart,R1:pass|R2:pass|R3:pass|R4:pass|R5:pass|R6:pass,pass,pass,pass,pass,
AppRouteNames.sc401CopyTradingCardDemo,AppRoutePaths.demoCopyCard,InternalSurfaceGate,direct_vpc,features/trade/presentation/pages/copy_trading_card_demo.dart,R1:pass|R2:pass|R3:pass|R4:pass|R5:pass|R6:pass,unknown,unknown,pass,exception:unmapped,unmapped
AppRouteNames.sc400DcaOverviewDemo,AppRoutePaths.devDcaOverview,InternalSurfaceGate,direct_vpc,features/dca/presentation/pages/dca_overview_demo.dart,R1:pass|R2:pass|R3:pass|R4:pass|R5:pass|R6:pass,pass,pass,pass,pass,
AppRouteNames.sc399DesignSystem,AppRoutePaths.devDesignSystem,InternalSurfaceGate,direct_vpc,features/dev/presentation/pages/design_system_page.dart,R1:pass|R2:pass|R3:pass|R4:pass|R5:pass|R6:pass,unknown,unknown,pass,pass,unmapped
AppRouteNames.sc398MissingScreensShowcase,AppRoutePaths.devShowcase,InternalSurfaceGate,direct_vpc,features/dev/presentation/pages/missing_screens_showcase_page.dart,R1:pass|R2:pass|R3:pass|R4:pass|R5:pass|R6:pass,unknown,unknown,pass,pass,unmapped
AppRouteNames.sc327StakingEarn,AppRoutePaths.earn,StakingEarnPage,direct_vpc,features/earn/presentation/pages/staking/staking_earn_page.dart,R1:pass|R2:pass|R3:pass|R4:pass|R5:pass|R6:pass,pass,pass,pass,pass,
AppRouteNames.sc366StakingAdvancedOrders,AppRoutePaths.earnAdvancedOrders,StakingAdvancedOrdersPage,direct_vpc,features/earn/presentation/pages/staking/staking_advanced_orders_page.dart,R1:pass|R2:pass|R3:pass|R4:pass|R5:pass|R6:pass,pass,pass,pass,pass,
AppRouteNames.sc359StakingAnalytics,AppRoutePaths.earnAnalytics,StakingAnalyticsPage,direct_vpc,features/earn/presentation/pages/staking/staking_analytics_page.dart,R1:pass|R2:pass|R3:pass|R4:pass|R5:pass|R6:pass,pass,pass,pass,pass,
AppRouteNames.sc379StakingApiDocumentation,AppRoutePaths.earnApiDocumentation,StakingApiDocumentationPage,direct_vpc,features/earn/presentation/pages/staking/staking_api_documentation_page.dart,R1:pass|R2:pass|R3:pass|R4:pass|R5:pass|R6:pass,pass,pass,pass,pass,
AppRouteNames.sc374StakingAuditReports,AppRoutePaths.earnAuditReports,StakingAuditReportsPage,direct_vpc,features/earn/presentation/pages/staking/staking_audit_reports_page.dart,R1:pass|R2:pass|R3:pass|R4:pass|R5:pass|R6:pass,pass,pass,pass,pass,
AppRouteNames.sc363StakingAutoCompound,AppRoutePaths.earnAutoCompound,StakingAutoCompoundPage,direct_vpc,features/earn/presentation/pages/staking/staking_auto_compound_page.dart,R1:pass|R2:pass|R3:pass|R4:pass|R5:pass|R6:pass,pass,pass,pass,pass,
AppRouteNames.sc361StakingEarningsCalendar,AppRoutePaths.earnCalendar,StakingEarningsCalendarPage,direct_vpc,features/earn/presentation/pages/staking/staking_earnings_calendar_page.dart,R1:pass|R2:pass|R3:pass|R4:pass|R5:pass|R6:pass,pass,pass,pass,pass,
AppRouteNames.sc388StakingCommunityGovernance,AppRoutePaths.earnCommunityGovernance,StakingCommunityGovernancePage,direct_vpc,features/earn/presentation/pages/staking/staking_community_governance_page.dart,R1:pass|R2:pass|R3:pass|R4:pass|R5:pass|R6:pass,pass,pass,pass,pass,
AppRouteNames.sc386StakingContingencyPlan,AppRoutePaths.earnContingencyPlan,StakingContingencyPlanPage,direct_vpc,features/earn/presentation/pages/staking/staking_contingency_plan_page.dart,R1:pass|R2:pass|R3:pass|R4:pass|R5:pass|R6:pass,pass,pass,pass,pass,
AppRouteNames.sc375StakingCustody,AppRoutePaths.earnCustody,StakingCustodyPage,direct_vpc,features/earn/presentation/pages/staking/staking_custody_page.dart,R1:pass|R2:pass|R3:pass|R4:pass|R5:pass|R6:pass,pass,pass,pass,pass,
AppRouteNames.sc358StakingDashboard,AppRoutePaths.earnDashboard,StakingDashboardPage,direct_vpc,features/earn/presentation/pages/staking/staking_dashboard_page.dart,R1:pass|R2:pass|R3:pass|R4:pass|R5:pass|R6:pass,pass,pass,pass,pass,
AppRouteNames.sc394StakingDataExport,AppRoutePaths.earnDataExport,StakingDataExportPage,direct_vpc,features/earn/presentation/pages/staking/staking_data_export_page.dart,R1:pass|R2:pass|R3:pass|R4:pass|R5:pass|R6:pass,pass,pass,pass,pass,
AppRouteNames.sc396StakingDeveloperConsole,AppRoutePaths.earnDeveloperConsole,StakingDeveloperConsolePage,direct_vpc,features/earn/presentation/pages/staking/staking_developer_console_page.dart,R1:pass|R2:pass|R3:pass|R4:pass|R5:pass|R6:pass,pass,pass,pass,pass,
AppRouteNames.sc385StakingEmergencyActions,AppRoutePaths.earnEmergencyActions,StakingEmergencyActionsPage,direct_vpc,features/earn/presentation/pages/staking/staking_emergency_actions_page.dart,R1:pass|R2:pass|R3:pass|R4:pass|R5:pass|R6:pass,pass,pass,pass,pass,
AppRouteNames.sc370StakingFAQ,AppRoutePaths.earnFAQ,StakingFAQPage,direct_vpc,features/earn/presentation/pages/staking/staking_faq_page.dart,R1:pass|R2:pass|R3:pass|R4:pass|R5:pass|R6:pass,pass,pass,pass,pass,
AppRouteNames.sc392StakingForum,AppRoutePaths.earnForum,StakingForumPage,direct_vpc,features/earn/presentation/pages/staking/staking_forum_page.dart,R1:pass|R2:pass|R3:pass|R4:pass|R5:pass|R6:pass,pass,pass,pass,pass,
AppRouteNames.sc369StakingGuide,AppRoutePaths.earnGuide,StakingGuidePage,direct_vpc,features/earn/presentation/pages/staking/staking_guide_page.dart,R1:pass|R2:pass|R3:pass|R4:pass|R5:pass|R6:pass,pass,pass,pass,pass,
AppRouteNames.sc360StakingHistory,AppRoutePaths.earnHistory,StakingHistoryPage,direct_vpc,features/earn/presentation/pages/staking/staking_history_page.dart,R1:pass|R2:pass|R3:pass|R4:pass|R5:pass|R6:pass,pass,pass,pass,pass,
AppRouteNames.sc368StakingInstitutional,AppRoutePaths.earnInstitutional,StakingInstitutionalPage,direct_vpc,features/earn/presentation/pages/staking/staking_institutional_page.dart,R1:pass|R2:pass|R3:pass|R4:pass|R5:pass|R6:pass,pass,pass,pass,pass,
AppRouteNames.sc365StakingInsurance,AppRoutePaths.earnInsurance,StakingInsurancePage,direct_vpc,features/earn/presentation/pages/staking/staking_insurance_page.dart,R1:pass|R2:pass|R3:pass|R4:pass|R5:pass|R6:pass,pass,pass,pass,pass,
AppRouteNames.sc377StakingInsuranceFundTransparency,AppRoutePaths.earnInsuranceFundTransparency,StakingInsuranceFundTransparencyPage,direct_vpc,features/earn/presentation/pages/staking/staking_insurance_fund_transparency_page.dart,R1:pass|R2:pass|R3:pass|R4:pass|R5:pass|R6:pass,pass,pass,pass,pass,
AppRouteNames.sc364StakingLiquidStaking,AppRoutePaths.earnLiquidStaking,StakingLiquidStakingPage,direct_vpc,features/earn/presentation/pages/staking/staking_liquid_staking_page.dart,R1:pass|R2:pass|R3:pass|R4:pass|R5:pass|R6:pass,pass,pass,pass,pass,
AppRouteNames.sc367StakingMultiChain,AppRoutePaths.earnMultiChain,StakingMultiChainPage,direct_vpc,features/earn/presentation/pages/staking/staking_multi_chain_page.dart,R1:pass|R2:pass|R3:pass|R4:pass|R5:pass|R6:pass,pass,pass,pass,pass,
AppRouteNames.sc371StakingNotifications,AppRoutePaths.earnNotifications,StakingNotificationsPage,direct_vpc,features/earn/presentation/pages/staking/staking_notifications_page.dart,R1:pass|R2:pass|R3:pass|R4:pass|R5:pass|R6:pass,pass,pass,pass,pass,
AppRouteNames.sc380StakingProofOfReserves,AppRoutePaths.earnProofOfReserves,StakingProofOfReservesPage,direct_vpc,features/earn/presentation/pages/staking/staking_proof_of_reserves_page.dart,R1:pass|R2:pass|R3:pass|R4:pass|R5:pass|R6:pass,pass,pass,pass,pass,
AppRouteNames.sc389StakingProposals,AppRoutePaths.earnProposals,StakingProposalsPage,direct_vpc,features/earn/presentation/pages/staking/staking_proposals_page.dart,R1:pass|R2:pass|R3:pass|R4:pass|R5:pass|R6:pass,pass,pass,pass,pass,
AppRouteNames.sc372StakingRecommendations,AppRoutePaths.earnRecommendations,StakingRecommendationsPage,direct_vpc,features/earn/presentation/pages/staking/staking_recommendations_page.dart,R1:pass|R2:pass|R3:pass|R4:pass|R5:pass|R6:pass,pass,pass,pass,pass,
AppRouteNames.sc373StakingRegulatoryFramework,AppRoutePaths.earnRegulatoryFramework,StakingRegulatoryFrameworkPage,direct_vpc,features/earn/presentation/pages/staking/staking_regulatory_framework_page.dart,R1:pass|R2:pass|R3:pass|R4:pass|R5:pass|R6:pass,pass,pass,pass,pass,
AppRouteNames.sc381StakingRiskDashboard,AppRoutePaths.earnRiskDashboard,StakingRiskDashboardPage,direct_vpc,features/earn/presentation/pages/staking/staking_risk_dashboard_page.dart,R1:pass|R2:pass|R3:pass|R4:pass|R5:pass|R6:pass,pass,pass,pass,pass,
AppRouteNames.sc384StakingRiskScoreCalculator,AppRoutePaths.earnRiskScoreCalculator,StakingRiskScoreCalculatorPage,direct_vpc,features/earn/presentation/pages/staking/staking_risk_score_calculator_page.dart,R1:pass|R2:pass|R3:pass|R4:pass|R5:pass|R6:pass,pass,pass,pass,pass,
AppRouteNames.sc329Savings,AppRoutePaths.earnSavings,SavingsPage,direct_vpc,features/earn/presentation/pages/savings/savings_page.dart,R1:pass|R2:pass|R3:pass|R4:pass|R5:pass|R6:pass,pass,pass,pass,pass,
AppRouteNames.sc343SavingsAnalytics,AppRoutePaths.earnSavingsAnalytics,SavingsAnalyticsPage,direct_vpc,features/earn/presentation/pages/savings/savings_analytics_page.dart,R1:pass|R2:pass|R3:pass|R4:pass|R5:pass|R6:pass,pass,pass,pass,pass,
AppRouteNames.sc341AutoCompoundSettings,AppRoutePaths.earnSavingsAutoCompound,AutoCompoundSettingsPage,direct_vpc,features/earn/presentation/pages/staking/auto_compound_settings_page.dart,R1:pass|R2:pass|R3:pass|R4:pass|R5:pass|R6:pass,pass,pass,pass,pass,
AppRouteNames.sc350SavingsAutoPilot,AppRoutePaths.earnSavingsAutoPilot,SavingsAutoPilotPage,direct_vpc,features/earn/presentation/pages/savings/savings_autopilot_page.dart,R1:pass|R2:pass|R3:pass|R4:pass|R5:pass|R6:pass,pass,pass,pass,pass,
AppRouteNames.sc349SavingsBacktest,AppRoutePaths.earnSavingsBacktest,SavingsBacktestPage,direct_vpc,features/earn/presentation/pages/savings/savings_backtest_page.dart,R1:pass|R2:pass|R3:pass|R4:pass|R5:pass|R6:pass,pass,pass,pass,pass,
AppRouteNames.sc340SavingsComparison,AppRoutePaths.earnSavingsComparison,SavingsComparisonPage,direct_vpc,features/earn/presentation/pages/savings/savings_comparison_page.dart,R1:pass|R2:pass|R3:pass|R4:pass|R5:pass|R6:pass,pass,pass,pass,pass,
AppRouteNames.sc346SavingsDca,AppRoutePaths.earnSavingsDca,SavingsDCAPage,direct_vpc,features/earn/presentation/pages/savings/savings_dca_page.dart,R1:pass|R2:pass|R3:pass|R4:pass|R5:pass|R6:pass,pass,pass,pass,pass,
AppRouteNames.sc348SavingsExport,AppRoutePaths.earnSavingsExport,SavingsExportPage,direct_vpc,features/earn/presentation/pages/savings/savings_export_page.dart,R1:pass|R2:pass|R3:pass|R4:pass|R5:pass|R6:pass,pass,pass,pass,pass,
AppRouteNames.sc336SavingsFAQ,AppRoutePaths.earnSavingsFAQ,SavingsFAQPage,direct_vpc,features/earn/presentation/pages/savings/savings_faq_page.dart,R1:pass|R2:pass|R3:pass|R4:pass|R5:pass|R6:pass,pass,pass,pass,pass,
AppRouteNames.sc342SavingsGoal,AppRoutePaths.earnSavingsGoals,SavingsGoalPage,direct_vpc,features/earn/presentation/pages/savings/savings_goal_page.dart,R1:pass|R2:pass|R3:pass|R4:pass|R5:pass|R6:pass,pass,pass,pass,pass,
AppRouteNames.sc335SavingsGuide,AppRoutePaths.earnSavingsGuide,SavingsGuidePage,direct_vpc,features/earn/presentation/pages/savings/savings_guide_page.dart,R1:pass|R2:pass|R3:pass|R4:pass|R5:pass|R6:pass,pass,pass,pass,pass,
AppRouteNames.sc334SavingsHistory,AppRoutePaths.earnSavingsHistory,SavingsHistoryPage,direct_vpc,features/earn/presentation/pages/savings/savings_history_page.dart,R1:pass|R2:pass|R3:pass|R4:pass|R5:pass|R6:pass,pass,pass,pass,pass,
AppRouteNames.sc351SavingsLadder,AppRoutePaths.earnSavingsLadder,SavingsLadderPage,direct_vpc,features/earn/presentation/pages/savings/savings_ladder_page.dart,R1:pass|R2:pass|R3:pass|R4:pass|R5:pass|R6:pass,pass,pass,pass,pass,
AppRouteNames.sc345SavingsNotificationPreferences,AppRoutePaths.earnSavingsNotificationPreferences,SavingsNotificationPreferencesPage,direct_vpc,features/earn/presentation/pages/savings/savings_notification_preferences_page.dart,R1:pass|R2:pass|R3:pass|R4:pass|R5:pass|R6:pass,pass,pass,pass,pass,
AppRouteNames.sc337SavingsNotifications,AppRoutePaths.earnSavingsNotifications,SavingsNotificationsPage,direct_vpc,features/earn/presentation/pages/savings/savings_notifications_page.dart,R1:pass|R2:pass|R3:pass|R4:pass|R5:pass|R6:pass,pass,pass,pass,pass,
AppRouteNames.sc333SavingsPortfolio,AppRoutePaths.earnSavingsPortfolio,SavingsPortfolioPage,direct_vpc,features/earn/presentation/pages/savings/earn_portfolio_page.dart,R1:pass|R2:pass|R3:pass|R4:pass|R5:pass|R6:pass,pass,pass,pass,pass,
AppRouteNames.sc330SavingsProductDetail,AppRoutePaths.earnSavingsProductSample,SavingsProductDetailPage,direct_vpc,features/earn/presentation/pages/savings/savings_product_detail_page.dart,R1:pass|R2:pass|R3:pass|R4:pass|R5:pass|R6:pass,pass,pass,pass,pass,
AppRouteNames.sc344SavingsAutoRebalance,AppRoutePaths.earnSavingsRebalance,SavingsAutoRebalancePage,direct_vpc,features/earn/presentation/pages/savings/savings_auto_rebalance_page.dart,R1:pass|R2:pass|R3:pass|R4:pass|R5:pass|R6:pass,pass,pass,pass,pass,
AppRouteNames.sc332SavingsReceipt,AppRoutePaths.earnSavingsReceipt,SavingsReceiptPage,direct_vpc,features/earn/presentation/pages/savings/savings_receipt_page.dart,R1:pass|R2:pass|R3:pass|R4:pass|R5:pass|R6:pass,pass,pass,pass,pass,
AppRouteNames.sc338SavingsRecommendations,AppRoutePaths.earnSavingsRecommendations,SavingsRecommendationsPage,direct_vpc,features/earn/presentation/pages/savings/savings_recommendations_page.dart,R1:pass|R2:pass|R3:pass|R4:pass|R5:pass|R6:pass,pass,pass,pass,pass,
AppRouteNames.sc331SavingsRedeem,AppRoutePaths.earnSavingsRedeemPos001,SavingsRedeemPage,direct_vpc,features/earn/presentation/pages/savings/savings_redeem_page.dart,R1:pass|R2:pass|R3:pass|R4:pass|R5:pass|R6:pass,pass,pass,pass,pass,
AppRouteNames.sc339SavingsRiskAssessment,AppRoutePaths.earnSavingsRiskAssessment,SavingsRiskAssessmentPage,direct_vpc,features/earn/presentation/pages/savings/savings_risk_assessment_page.dart,R1:pass|R2:pass|R3:pass|R4:pass|R5:pass|R6:pass,pass,pass,pass,pass,
AppRouteNames.sc347SavingsSmartSuggestions,AppRoutePaths.earnSavingsSmartSuggestions,SavingsSmartSuggestionsPage,direct_vpc,features/earn/presentation/pages/savings/savings_smart_suggestions_page.dart,R1:pass|R2:pass|R3:pass|R4:pass|R5:pass|R6:pass,pass,pass,pass,pass,
AppRouteNames.sc352SavingsWhatIf,AppRoutePaths.earnSavingsWhatIf,SavingsWhatIfPage,direct_vpc,features/earn/presentation/pages/savings/savings_what_if_page.dart,R1:pass|R2:pass|R3:pass|R4:pass|R5:pass|R6:pass,pass,pass,pass,pass,
AppRouteNames.sc382StakingSlashingHistory,AppRoutePaths.earnSlashingHistory,StakingSlashingHistoryPage,direct_vpc,features/earn/presentation/pages/staking/staking_slashing_history_page.dart,R1:pass|R2:pass|R3:pass|R4:pass|R5:pass|R6:pass,pass,pass,pass,pass,
AppRouteNames.sc387StakingSocialFeed,AppRoutePaths.earnSocialFeed,StakingSocialFeedPage,direct_vpc,features/earn/presentation/pages/staking/staking_social_feed_page.dart,R1:pass|R2:pass|R3:pass|R4:pass|R5:pass|R6:pass,pass,pass,pass,pass,
AppRouteNames.sc328StakingEarnStaking,AppRoutePaths.earnStaking,StakingEarnPage,direct_vpc,features/earn/presentation/pages/staking/staking_earn_page.dart,R1:pass|R2:pass|R3:pass|R4:pass|R5:pass|R6:pass,pass,pass,pass,pass,
AppRouteNames.sc357StakingRiskAssessment,AppRoutePaths.earnStakingRiskAssessment,StakingRiskAssessmentPage,direct_vpc,features/earn/presentation/pages/staking/staking_risk_assessment_page.dart,R1:pass|R2:pass|R3:pass|R4:pass|R5:pass|R6:pass,pass,pass,pass,pass,
AppRouteNames.sc354StakingRiskDisclosure,AppRoutePaths.earnStakingRiskDisclosure,StakingRiskDisclosurePage,direct_vpc,features/earn/presentation/pages/staking/staking_risk_disclosure_page.dart,R1:pass|R2:pass|R3:pass|R4:pass|R5:pass|R6:pass,pass,pass,pass,pass,
AppRouteNames.sc356StakingTaxGuide,AppRoutePaths.earnStakingTaxGuide,StakingTaxGuidePage,direct_vpc,features/earn/presentation/pages/staking/staking_tax_guide_page.dart,R1:pass|R2:pass|R3:pass|R4:pass|R5:pass|R6:pass,pass,pass,pass,pass,
AppRouteNames.sc353StakingTerms,AppRoutePaths.earnStakingTerms,StakingTermsPage,direct_vpc,features/earn/presentation/pages/staking/staking_terms_page.dart,R1:pass|R2:pass|R3:pass|R4:pass|R5:pass|R6:pass,pass,pass,pass,pass,
AppRouteNames.sc355StakingWithdrawalPolicy,AppRoutePaths.earnStakingWithdrawalPolicy,StakingWithdrawalPolicyPage,direct_vpc,features/earn/presentation/pages/staking/staking_withdrawal_policy_page.dart,R1:pass|R2:pass|R3:pass|R4:pass|R5:pass|R6:pass,pass,pass,pass,pass,
AppRouteNames.sc376StakingSuitabilityAssessment,AppRoutePaths.earnSuitabilityAssessment,StakingSuitabilityAssessmentPage,direct_vpc,features/earn/presentation/pages/staking/staking_suitability_assessment_page.dart,R1:pass|R2:pass|R3:pass|R4:pass|R5:pass|R6:pass,pass,pass,pass,pass,
AppRouteNames.sc395StakingThirdPartyIntegrations,AppRoutePaths.earnThirdPartyIntegrations,StakingThirdPartyIntegrationsPage,direct_vpc,features/earn/presentation/pages/staking/staking_third_party_integrations_page.dart,R1:pass|R2:pass|R3:pass|R4:pass|R5:pass|R6:pass,pass,pass,pass,pass,
AppRouteNames.sc378StakingTransactionReporting,AppRoutePaths.earnTransactionReporting,StakingTransactionReportingPage,direct_vpc,features/earn/presentation/pages/staking/staking_transaction_reporting_page.dart,R1:pass|R2:pass|R3:pass|R4:pass|R5:pass|R6:pass,pass,pass,pass,pass,
AppRouteNames.sc383StakingValidatorHealthMonitor,AppRoutePaths.earnValidatorHealthMonitor,StakingValidatorHealthMonitorPage,direct_vpc,features/earn/presentation/pages/staking/staking_validator_health_monitor_page.dart,R1:pass|R2:pass|R3:pass|R4:pass|R5:pass|R6:pass,pass,pass,pass,pass,
AppRouteNames.sc362StakingValidatorSelection,AppRoutePaths.earnValidatorSelection,StakingValidatorSelectionPage,direct_vpc,features/earn/presentation/pages/staking/staking_validator_selection_page.dart,R1:pass|R2:pass|R3:pass|R4:pass|R5:pass|R6:pass,pass,pass,pass,pass,
AppRouteNames.sc391StakingVoting,AppRoutePaths.earnVoting,StakingVotingPage,direct_vpc,features/earn/presentation/pages/staking/staking_voting_page.dart,R1:pass|R2:pass|R3:pass|R4:pass|R5:pass|R6:pass,pass,pass,pass,pass,
AppRouteNames.sc390StakingVotingDetail,AppRoutePaths.earnVotingProposalRoute,StakingVotingPage,direct_vpc,features/earn/presentation/pages/staking/staking_voting_page.dart,R1:pass|R2:pass|R3:pass|R4:pass|R5:pass|R6:pass,pass,pass,pass,pass,
AppRouteNames.sc393StakingWebhooks,AppRoutePaths.earnWebhooks,StakingWebhooksPage,direct_vpc,features/earn/presentation/pages/staking/staking_webhooks_page.dart,R1:pass|R2:pass|R3:pass|R4:pass|R5:pass|R6:pass,pass,pass,pass,pass,
AppRouteNames.sc320EnterpriseStates,AppRoutePaths.enterpriseStates,EnterpriseStatesPage,direct_vpc,features/enterprise_states/presentation/pages/enterprise_states_page.dart,R1:pass|R2:pass|R3:pass|R4:pass|R5:pass|R6:pass,pass,pass,pass,pass,
AppRouteNames.sc418ForceUpdateGate,AppRoutePaths.forceUpdateGate,ForceUpdateGatePage,direct_vpc,features/enterprise_states/presentation/pages/force_update_gate_page.dart,R1:pass|R2:pass|R3:pass|R4:pass|R5:pass|R6:pass,pass,pass,pass,pass,
AppRouteNames.sc007Home,AppRoutePaths.home,HomePage,direct_vpc,features/home/presentation/pages/home_page.dart,R1:pass|R2:pass|R3:pass|R4:pass|R5:pass|R6:pass,pass,pass,pass,pass,
AppRouteNames.sc295Launchpad,AppRoutePaths.launchpad,LaunchpadPage,direct_vpc,features/launchpad/presentation/pages/hub/launchpad_page.dart,R1:pass|R2:pass|R3:pass|R4:pass|R5:pass|R6:pass,pass,pass,pass,pass,
AppRouteNames.sc308LaunchpadAbiDiff,AppRoutePaths.launchpadAbiDiff,LaunchpadAbiDiffPage,direct_vpc,features/launchpad/presentation/pages/tools/launchpad_abi_diff_page.dart,R1:pass|R2:pass|R3:pass|R4:pass|R5:pass|R6:pass,pass,pass,pass,pass,
AppRouteNames.sc309LaunchpadAddressBook,AppRoutePaths.launchpadAddressBook,LaunchpadAddressBookPage,direct_vpc,features/launchpad/presentation/pages/tools/launchpad_address_book_page.dart,R1:pass|R2:pass|R3:pass|R4:pass|R5:pass|R6:pass,pass,pass,pass,pass,
AppRouteNames.sc304LaunchpadBatchClaim,AppRoutePaths.launchpadBatchClaim,LaunchpadBatchClaimPage,direct_vpc,features/launchpad/presentation/pages/claim/launchpad_batch_claim_page.dart,R1:pass|R2:pass|R3:pass|R4:pass|R5:pass|R6:pass,pass,pass,pass,pass,
AppRouteNames.sc305LaunchpadBridgeCompare,AppRoutePaths.launchpadBridgeCompare,LaunchpadBridgeComparePage,direct_vpc,features/launchpad/presentation/pages/bridge/launchpad_bridge_compare_page.dart,R1:pass|R2:pass|R3:pass|R4:pass|R5:pass|R6:pass,pass,pass,pass,pass,
AppRouteNames.sc303LaunchpadBridgeOrder,AppRoutePaths.launchpadBridgeOrderTx001,LaunchpadBridgeOrderPage,direct_vpc,features/launchpad/presentation/pages/bridge/launchpad_bridge_order_page.dart,R1:pass|R2:pass|R3:pass|R4:pass|R5:pass|R6:pass,pass,pass,pass,pass,
AppRouteNames.sc302LaunchpadClaimReceipt,AppRoutePaths.launchpadClaimReceiptPos001,LaunchpadClaimReceiptPage,direct_vpc,features/launchpad/presentation/pages/claim/launchpad_claim_receipt_page.dart,R1:pass|R2:pass|R3:pass|R4:pass|R5:pass|R6:pass,pass,pass,pass,pass,
AppRouteNames.sc300LaunchpadContract,AppRoutePaths.launchpadContractSample,LaunchpadContractPage,direct_vpc,features/launchpad/presentation/pages/hub/launchpad_contract_page.dart,R1:pass|R2:pass|R3:pass|R4:pass|R5:pass|R6:pass,pass,pass,pass,pass,
AppRouteNames.sc316LaunchpadDcaBuilder,AppRoutePaths.launchpadDcaBuilder,LaunchpadDcaBuilderPage,direct_vpc,features/launchpad/presentation/pages/tools/launchpad_dca_builder_page.dart,R1:pass|R2:pass|R3:pass|R4:pass|R5:pass|R6:pass,pass,pass,pass,pass,
AppRouteNames.sc307LaunchpadEventLog,AppRoutePaths.launchpadEventLog,LaunchpadEventLogPage,direct_vpc,features/launchpad/presentation/pages/tools/launchpad_event_log_page.dart,R1:pass|R2:pass|R3:pass|R4:pass|R5:pass|R6:pass,pass,pass,pass,pass,
AppRouteNames.sc311LaunchpadGasTracker,AppRoutePaths.launchpadGasTracker,LaunchpadGasTrackerPage,direct_vpc,features/launchpad/presentation/pages/tools/launchpad_gas_tracker_page.dart,R1:pass|R2:pass|R3:pass|R4:pass|R5:pass|R6:pass,pass,pass,pass,pass,
AppRouteNames.sc299LaunchpadIdoBridge,AppRoutePaths.launchpadIdoBridgeSample,LaunchpadIdoBridgePage,direct_vpc,features/launchpad/presentation/pages/bridge/launchpad_ido_bridge_page.dart,R1:pass|R2:pass|R3:pass|R4:pass|R5:pass|R6:pass,pass,pass,pass,pass,
AppRouteNames.sc315LaunchpadLimitOrders,AppRoutePaths.launchpadLimitOrders,LaunchpadLimitOrdersPage,direct_vpc,features/launchpad/presentation/pages/tools/launchpad_limit_orders_page.dart,R1:pass|R2:pass|R3:pass|R4:pass|R5:pass|R6:pass,pass,pass,pass,pass,
AppRouteNames.sc313LaunchpadMultisig,AppRoutePaths.launchpadMultisig,LaunchpadMultisigPage,direct_vpc,features/launchpad/presentation/pages/tools/launchpad_multisig_page.dart,R1:pass|R2:pass|R3:pass|R4:pass|R5:pass|R6:pass,pass,pass,pass,pass,
AppRouteNames.sc306LaunchpadNotifSound,AppRoutePaths.launchpadNotifSound,LaunchpadNotifSoundPage,direct_vpc,features/launchpad/presentation/pages/tools/launchpad_notif_sound_page.dart,R1:pass|R2:pass|R3:pass|R4:pass|R5:pass|R6:pass,pass,pass,pass,pass,
AppRouteNames.sc297LaunchpadPerformance,AppRoutePaths.launchpadPerformance,LaunchpadPerformancePage,direct_vpc,features/launchpad/presentation/pages/hub/launchpad_performance_page.dart,R1:pass|R2:pass|R3:pass|R4:pass|R5:pass|R6:pass,pass,pass,pass,pass,
AppRouteNames.sc296LaunchpadPortfolio,AppRoutePaths.launchpadPortfolio,LaunchpadPortfolioPage,direct_vpc,features/launchpad/presentation/pages/hub/launchpad_portfolio_page.dart,R1:pass|R2:pass|R3:pass|R4:pass|R5:pass|R6:pass,pass,pass,pass,pass,
AppRouteNames.sc312LaunchpadRebalance,AppRoutePaths.launchpadRebalance,LaunchpadRebalancePage,direct_vpc,features/launchpad/presentation/pages/tools/launchpad_rebalance_page.dart,R1:pass|R2:pass|R3:pass|R4:pass|R5:pass|R6:pass,pass,pass,pass,pass,
AppRouteNames.sc301LaunchpadReceipt,AppRoutePaths.launchpadReceiptSub001,LaunchpadReceiptPage,direct_vpc,features/launchpad/presentation/pages/hub/launchpad_receipt_page.dart,R1:pass|R2:pass|R3:pass|R4:pass|R5:pass|R6:pass,pass,pass,pass,pass,
AppRouteNames.sc317LaunchpadRiskAnalytics,AppRoutePaths.launchpadRiskAnalytics,LaunchpadRiskAnalyticsPage,direct_vpc,features/launchpad/presentation/pages/tools/launchpad_risk_analytics_page.dart,R1:pass|R2:pass|R3:pass|R4:pass|R5:pass|R6:pass,pass,pass,pass,pass,
AppRouteNames.sc318LaunchpadDetail,AppRoutePaths.launchpadSample,LaunchpadDetailPage,direct_vpc,features/launchpad/presentation/pages/hub/launchpad_detail_page.dart,R1:pass|R2:pass|R3:pass|R4:pass|R5:pass|R6:pass,pass,pass,pass,pass,
AppRouteNames.sc298LaunchpadStaking,AppRoutePaths.launchpadStaking,LaunchpadStakingPage,direct_vpc,features/launchpad/presentation/pages/tools/launchpad_staking_page.dart,R1:pass|R2:pass|R3:pass|R4:pass|R5:pass|R6:pass,pass,pass,pass,pass,
AppRouteNames.sc314LaunchpadSwapAggregator,AppRoutePaths.launchpadSwapAggregator,LaunchpadSwapAggregatorPage,direct_vpc,features/launchpad/presentation/pages/bridge/launchpad_swap_aggregator_page.dart,R1:pass|R2:pass|R3:pass|R4:pass|R5:pass|R6:pass,pass,pass,pass,pass,
AppRouteNames.sc310LaunchpadWebhooks,AppRoutePaths.launchpadWebhooks,LaunchpadWebhooksPage,direct_vpc,features/launchpad/presentation/pages/tools/launchpad_webhooks_page.dart,R1:pass|R2:pass|R3:pass|R4:pass|R5:pass|R6:pass,pass,pass,pass,pass,
AppRouteNames.sc417MaintenanceGate,AppRoutePaths.maintenanceGate,MaintenanceGatePage,direct_vpc,features/enterprise_states/presentation/pages/maintenance_gate_page.dart,R1:pass|R2:pass|R3:pass|R4:pass|R5:pass|R6:pass,pass,pass,pass,pass,
AppRouteNames.sc008MarketList,AppRoutePaths.markets,MarketListPage,direct_vpc,features/markets/presentation/pages/hub/market_list_page.dart,R1:pass|R2:pass|R3:pass|R4:pass|R5:pass|R6:pass,pass,pass,pass,pass,
AppRouteNames.sc023AdvancedCharts,AppRoutePaths.marketsAdvancedCharts,AdvancedChartsPage,direct_vpc,features/markets/presentation/pages/portfolio/advanced_charts_page.dart,R1:pass|R2:pass|R3:pass|R4:pass|R5:pass|R6:pass,pass,pass,pass,pass,
AppRouteNames.sc014PriceAlerts,AppRoutePaths.marketsAlerts,PriceAlertsPage,direct_vpc,features/markets/presentation/pages/portfolio/price_alerts_page.dart,R1:pass|R2:pass|R3:pass|R4:pass|R5:pass|R6:pass,pass,pass,pass,pass,
AppRouteNames.sc017MarketCalendar,AppRoutePaths.marketsCalendar,MarketCalendarPage,direct_vpc,features/markets/presentation/pages/tools/market_calendar_page.dart,R1:pass|R2:pass|R3:pass|R4:pass|R5:pass|R6:pass,pass,pass,pass,pass,
AppRouteNames.sc016ComparisonTool,AppRoutePaths.marketsCompare,ComparisonToolPage,direct_vpc,features/markets/presentation/pages/tools/comparison_tool_page.dart,R1:pass|R2:pass|R3:pass|R4:pass|R5:pass|R6:pass,pass,pass,pass,pass,
AppRouteNames.sc026MarketCorrelations,AppRoutePaths.marketsCorrelations,MarketCorrelationsPage,direct_vpc,features/markets/presentation/pages/tools/market_correlations_page.dart,R1:pass|R2:pass|R3:pass|R4:pass|R5:pass|R6:pass,pass,pass,pass,pass,
AppRouteNames.sc019MarketDepth,AppRoutePaths.marketsDepth,MarketDepthPage,direct_vpc,features/markets/presentation/pages/pair/market_depth_page.dart,R1:pass|R2:pass|R3:pass|R4:pass|R5:pass|R6:pass,pass,pass,pass,pass,
AppRouteNames.sc018DerivativesOverview,AppRoutePaths.marketsDerivatives,DerivativesOverviewPage,direct_vpc,features/markets/presentation/pages/tools/derivatives_overview_page.dart,R1:pass|R2:pass|R3:pass|R4:pass|R5:pass|R6:pass,pass,pass,pass,pass,
AppRouteNames.sc013MarketHeatmap,AppRoutePaths.marketsHeatmap,MarketHeatmapPage,direct_vpc,features/markets/presentation/pages/pair/market_heatmap_page.dart,R1:pass|R2:pass|R3:pass|R4:pass|R5:pass|R6:pass,pass,pass,pass,pass,
AppRouteNames.sc010MarketMovers,AppRoutePaths.marketsMovers,MarketMoversPage,direct_vpc,features/markets/presentation/pages/tools/market_movers_page.dart,R1:pass|R2:pass|R3:pass|R4:pass|R5:pass|R6:pass,pass,pass,pass,pass,
AppRouteNames.sc022MarketNews,AppRoutePaths.marketsNews,MarketNewsPage,direct_vpc,features/markets/presentation/pages/research/market_news_page.dart,R1:pass|R2:pass|R3:pass|R4:pass|R5:pass|R6:pass,pass,pass,pass,pass,
AppRouteNames.sc009MarketOverview,AppRoutePaths.marketsOverview,MarketOverviewPage,direct_vpc,features/markets/presentation/pages/hub/market_overview_page.dart,R1:pass|R2:pass|R3:pass|R4:pass|R5:pass|R6:pass,pass,pass,pass,pass,
AppRouteNames.sc021PortfolioTracker,AppRoutePaths.marketsPortfolioTracker,PortfolioTrackerPage,direct_vpc,features/markets/presentation/pages/portfolio/portfolio_tracker_page.dart,R1:pass|R2:pass|R3:pass|R4:pass|R5:pass|R6:pass,pass,pass,pass,pass,
AppRouteNames.sc027PredictionsHome,AppRoutePaths.marketsPredictions,PredictionsHomePage,direct_vpc,features/predictions/presentation/pages/hub/predictions_home_page.dart,R1:pass|R2:pass|R3:pass|R4:pass|R5:pass|R6:pass,pass,pass,pass,pass,
AppRouteNames.sc034PredictionsGlobalActivity,AppRoutePaths.marketsPredictionsActivity,PredictionsGlobalActivityPage,direct_vpc,features/predictions/presentation/pages/social/predictions_global_activity_page.dart,R1:pass|R2:pass|R3:pass|R4:pass|R5:pass|R6:pass,pass,pass,pass,pass,
AppRouteNames.sc029PredictionsBreaking,AppRoutePaths.marketsPredictionsBreaking,PredictionsBreakingPage,direct_vpc,features/predictions/presentation/pages/hub/predictions_breaking_page.dart,R1:pass|R2:pass|R3:pass|R4:pass|R5:pass|R6:pass,pass,pass,pass,pass,
AppRouteNames.sc043PredictionDataIntegration,AppRoutePaths.marketsPredictionsDataIntegration,PredictionDataIntegrationPage,direct_vpc,features/predictions/presentation/pages/social/prediction_data_integration_page.dart,R1:pass|R2:pass|R3:pass|R4:pass|R5:pass|R6:pass,pass,pass,pass,pass,
AppRouteNames.sc039PredictionEventCalendar,AppRoutePaths.marketsPredictionsEventCalendar,PredictionEventCalendarPage,direct_vpc,features/predictions/presentation/pages/social/prediction_event_calendar_page.dart,R1:pass|R2:pass|R3:pass|R4:pass|R5:pass|R6:pass,pass,pass,pass,pass,
AppRouteNames.sc033PredictionsLeaderboard,AppRoutePaths.marketsPredictionsLeaderboard,PredictionsLeaderboardPage,direct_vpc,features/predictions/presentation/pages/social/predictions_leaderboard_page.dart,R1:pass|R2:pass|R3:pass|R4:pass|R5:pass|R6:pass,pass,pass,pass,pass,
AppRouteNames.sc037PredictionMarketMaker,AppRoutePaths.marketsPredictionsMarketMaker,PredictionMarketMakerPage,direct_vpc,features/predictions/presentation/pages/portfolio/prediction_market_maker_page.dart,R1:pass|R2:pass|R3:pass|R4:pass|R5:pass|R6:pass,pass,pass,pass,pass,
AppRouteNames.sc031PredictionsPortfolio,AppRoutePaths.marketsPredictionsPortfolio,PredictionsPortfolioPage,direct_vpc,features/predictions/presentation/pages/portfolio/predictions_portfolio_page.dart,R1:pass|R2:pass|R3:pass|R4:pass|R5:pass|R6:pass,pass,pass,pass,pass,
AppRouteNames.sc038PredictionPortfolioAnalyzer,AppRoutePaths.marketsPredictionsPortfolioAnalyzer,PredictionPortfolioAnalyzerPage,direct_vpc,features/predictions/presentation/pages/portfolio/prediction_portfolio_analyzer_page.dart,R1:pass|R2:pass|R3:pass|R4:pass|R5:pass|R6:pass,pass,pass,pass,pass,
AppRouteNames.sc032PredictionsRewards,AppRoutePaths.marketsPredictionsRewards,PredictionsRewardsPage,direct_vpc,features/predictions/presentation/pages/hub/predictions_rewards_page.dart,R1:pass|R2:pass|R3:pass|R4:pass|R5:pass|R6:pass,pass,pass,pass,pass,
AppRouteNames.sc036PredictionRiskCalculator,AppRoutePaths.marketsPredictionsRiskCalculator,PredictionRiskCalculatorPage,direct_vpc,features/predictions/presentation/pages/portfolio/prediction_risk_calculator_page.dart,R1:pass|R2:pass|R3:pass|R4:pass|R5:pass|R6:pass,pass,pass,pass,pass,
AppRouteNames.sc028PredictionsSearch,AppRoutePaths.marketsPredictionsSearch,PredictionsSearchPage,direct_vpc,features/predictions/presentation/pages/hub/predictions_search_page.dart,R1:pass|R2:pass|R3:pass|R4:pass|R5:pass|R6:pass,pass,pass,pass,pass,
AppRouteNames.sc040PredictionSocial,AppRoutePaths.marketsPredictionsSocial,PredictionSocialPage,direct_vpc,features/predictions/presentation/pages/social/prediction_social_page.dart,R1:pass|R2:pass|R3:pass|R4:pass|R5:pass|R6:pass,pass,pass,pass,pass,
AppRouteNames.sc042PredictionTournaments,AppRoutePaths.marketsPredictionsTournaments,PredictionTournamentsPage,direct_vpc,features/predictions/presentation/pages/social/prediction_tournaments_page.dart,R1:pass|R2:pass|R3:pass|R4:pass|R5:pass|R6:pass,pass,pass,pass,pass,
AppRouteNames.sc015MarketScreener,AppRoutePaths.marketsScreener,MarketScreenerPage,direct_vpc,features/markets/presentation/pages/tools/market_screener_page.dart,R1:pass|R2:pass|R3:pass|R4:pass|R5:pass|R6:pass,pass,pass,pass,pass,
AppRouteNames.sc011MarketSectors,AppRoutePaths.marketsSectors,MarketSectorsPage,direct_vpc,features/markets/presentation/pages/tools/market_sectors_page.dart,R1:pass|R2:pass|R3:pass|R4:pass|R5:pass|R6:pass,pass,pass,pass,pass,
AppRouteNames.sc025SocialSignals,AppRoutePaths.marketsSignals,SocialSignalsPage,direct_vpc,features/markets/presentation/pages/research/social_signals_page.dart,R1:pass|R2:pass|R3:pass|R4:pass|R5:pass|R6:pass,pass,pass,pass,pass,
AppRouteNames.sc020SocialSentiment,AppRoutePaths.marketsSocialSentiment,SocialSentimentPage,direct_vpc,features/markets/presentation/pages/research/social_sentiment_page.dart,R1:pass|R2:pass|R3:pass|R4:pass|R5:pass|R6:pass,pass,pass,pass,pass,
AppRouteNames.sc024TokenUnlocks,AppRoutePaths.marketsUnlocks,TokenUnlocksPage,direct_vpc,features/markets/presentation/pages/research/token_unlocks_page.dart,R1:pass|R2:pass|R3:pass|R4:pass|R5:pass|R6:pass,pass,pass,pass,pass,
AppRouteNames.sc012Watchlist,AppRoutePaths.marketsWatchlist,WatchlistPage,direct_vpc,features/markets/presentation/pages/hub/watchlist_page.dart,R1:pass|R2:pass|R3:pass|R4:pass|R5:pass|R6:pass,pass,pass,pass,pass,
AppRouteNames.sc047News,AppRoutePaths.news,NewsPage,direct_vpc,features/news/presentation/pages/news_page.dart,R1:pass|R2:pass|R3:pass|R4:pass|R5:pass|R6:pass,pass,pass,pass,pass,
AppRouteNames.sc291Notifications,AppRoutePaths.notifications,NotificationsPage,direct_vpc,features/notifications/presentation/pages/notifications_page.dart,R1:pass|R2:pass|R3:pass|R4:pass|R5:pass|R6:pass,pass,pass,pass,pass,
AppRouteNames.sc397Onboarding,AppRoutePaths.onboarding,OnboardingFlow,direct_vpc,features/onboarding/presentation/pages/onboarding_flow.dart,R1:pass|R2:pass|R3:pass|R4:pass|R5:pass|R6:pass,pass,pass,pass,pass,
AppRouteNames.sc282P2PHome,AppRoutePaths.p2p,P2PHomePage,direct_vpc,features/p2p/presentation/pages/hub/p2p_home_page.dart,R1:pass|R2:pass|R3:pass|R4:pass|R5:pass|R6:pass,pass,pass,pass,pass,
AppRouteNames.sc275P2PAchievements,AppRoutePaths.p2pAchievements,P2PAchievementsPage,direct_vpc,features/p2p/presentation/pages/security/p2p_achievements_page.dart,R1:pass|R2:pass|R3:pass|R4:pass|R5:pass|R6:pass,pass,pass,pass,pass,
AppRouteNames.sc277P2PBlacklist,AppRoutePaths.p2pBlacklist,P2PBlacklistPage,direct_vpc,features/p2p/presentation/pages/security/p2p_blacklist_page.dart,R1:pass|R2:pass|R3:pass|R4:pass|R5:pass|R6:pass,pass,pass,pass,pass,
AppRouteNames.sc276P2PBlacklistAdd,AppRoutePaths.p2pBlacklistAdd,P2PBlacklistAddPage,direct_vpc,features/p2p/presentation/pages/security/p2p_blacklist_add_page.dart,R1:pass|R2:pass|R3:pass|R4:pass|R5:pass|R6:pass,pass,pass,pass,pass,
AppRouteNames.sc268P2PAmlScreening,AppRoutePaths.p2pComplianceAmlScreening,P2PAmlScreeningPage,direct_vpc,features/p2p/presentation/pages/security/p2p_aml_screening_page.dart,R1:pass|R2:pass|R3:pass|R4:pass|R5:pass|R6:pass,pass,pass,pass,pass,
AppRouteNames.sc270P2PLargeTransaction,AppRoutePaths.p2pComplianceLargeTransaction,P2PLargeTransactionJustificationPage,direct_vpc,features/p2p/presentation/pages/security/p2p_large_transaction_justification_page.dart,R1:pass|R2:pass|R3:pass|R4:pass|R5:pass|R6:pass,pass,pass,pass,pass,
AppRouteNames.sc267P2PComplianceOverview,AppRoutePaths.p2pComplianceOverview,P2PComplianceOverviewPage,direct_vpc,features/p2p/presentation/pages/security/p2p_compliance_overview_page.dart,R1:pass|R2:pass|R3:pass|R4:pass|R5:pass|R6:pass,pass,pass,pass,pass,
AppRouteNames.sc271P2PRiskAssessment,AppRoutePaths.p2pComplianceRiskAssessment,P2PRiskAssessmentPage,direct_vpc,features/p2p/presentation/pages/security/p2p_risk_assessment_page.dart,R1:pass|R2:pass|R3:pass|R4:pass|R5:pass|R6:pass,pass,pass,pass,pass,
AppRouteNames.sc269P2PSourceOfFunds,AppRoutePaths.p2pComplianceSourceOfFunds,P2PSourceOfFundsPage,direct_vpc,features/p2p/presentation/pages/security/p2p_source_of_funds_page.dart,R1:pass|R2:pass|R3:pass|R4:pass|R5:pass|R6:pass,pass,pass,pass,pass,
AppRouteNames.sc242P2PContributionHistory,AppRoutePaths.p2pContributionHistory,P2PContributionHistoryPage,direct_vpc,features/p2p/presentation/pages/security/p2p_contribution_history_page.dart,R1:pass|R2:pass|R3:pass|R4:pass|R5:pass|R6:pass,pass,pass,pass,pass,
AppRouteNames.sc226P2PCreateAd,AppRoutePaths.p2pCreate,P2PCreateAdPage,shared_shell,features/p2p/presentation/pages/ads/p2p_create_ad_page.dart,R1:pass|R2:pass|R3:pass|R4:pass|R5:pass|R6:pass,pass,pass,pass,pass,
AppRouteNames.sc274P2PDashboard,AppRoutePaths.p2pDashboard,P2PDashboardPage,direct_vpc,features/p2p/presentation/pages/hub/p2p_dashboard_page.dart,R1:pass|R2:pass|R3:pass|R4:pass|R5:pass|R6:pass,pass,pass,pass,pass,
AppRouteNames.sc222P2PDisputes,AppRoutePaths.p2pDisputes,P2PDisputesPage,direct_vpc,features/p2p/presentation/pages/dispute/p2p_disputes_page.dart,R1:pass|R2:pass|R3:pass|R4:pass|R5:pass|R6:pass,pass,pass,pass,pass,
AppRouteNames.sc259P2PE2EInfo,AppRoutePaths.p2pE2EInfo,P2PE2EInfoPage,direct_vpc,features/p2p/presentation/pages/security/p2p_e2e_info_page.dart,R1:pass|R2:pass|R3:pass|R4:pass|R5:pass|R6:pass,pass,pass,pass,pass,
AppRouteNames.sc245P2PEscrowBalance,AppRoutePaths.p2pEscrowBalance,P2PEscrowBalancePage,shared_shell,features/p2p/presentation/pages/orders/p2p_escrow_balance_page.dart,R1:pass|R2:pass|R3:pass|R4:pass|R5:pass|R6:pass,pass,pass,pass,pass,
AppRouteNames.sc211P2PExpress,AppRoutePaths.p2pExpress,P2PExpressPage,direct_vpc,features/p2p/presentation/pages/hub/p2p_express_page.dart,R1:pass|R2:pass|R3:pass|R4:pass|R5:pass|R6:pass,pass,pass,pass,pass,
AppRouteNames.sc210P2PExpressConfirm,AppRoutePaths.p2pExpressConfirm,P2PExpressConfirmPage,direct_vpc,features/p2p/presentation/pages/hub/p2p_express_confirm_page.dart,R1:pass|R2:pass|R3:pass|R4:pass|R5:pass|R6:pass,pass,pass,pass,pass,
AppRouteNames.sc260P2PFraudPrevention,AppRoutePaths.p2pFraudPrevention,P2PFraudPreventionPage,direct_vpc,features/p2p/presentation/pages/security/p2p_fraud_prevention_page.dart,R1:pass|R2:pass|R3:pass|R4:pass|R5:pass|R6:pass,pass,pass,pass,pass,
AppRouteNames.sc280P2PGuide,AppRoutePaths.p2pGuide,P2PGuidePage,direct_vpc,features/p2p/presentation/pages/hub/p2p_guide_page.dart,R1:pass|R2:pass|R3:pass|R4:pass|R5:pass|R6:pass,pass,pass,pass,pass,
AppRouteNames.sc238P2PInsuranceFund,AppRoutePaths.p2pInsurance,P2PInsuranceFundPage,direct_vpc,features/p2p/presentation/pages/dispute/p2p_insurance_fund_overview_cards.dart,R1:pass|R2:pass|R3:pass|R4:pass|R5:pass|R6:pass,pass,pass,pass,pass,
AppRouteNames.sc239P2PInsuranceCertificate,AppRoutePaths.p2pInsuranceCertificate,P2PInsuranceCertificatePage,shared_shell,features/p2p/presentation/pages/dispute/p2p_insurance_certificate_page.dart,R1:pass|R2:pass|R3:pass|R4:pass|R5:pass|R6:pass,pass,pass,pass,pass,
AppRouteNames.sc244P2PInsuranceFundAlias,AppRoutePaths.p2pInsuranceFundAlias,P2PInsuranceFundPage,direct_vpc,features/p2p/presentation/pages/dispute/p2p_insurance_fund_overview_cards.dart,R1:pass|R2:pass|R3:pass|R4:pass|R5:pass|R6:pass,pass,pass,pass,pass,
AppRouteNames.sc241P2PInsurancePolicy,AppRoutePaths.p2pInsurancePolicy,P2PInsurancePolicyPage,direct_vpc,features/p2p/presentation/pages/dispute/p2p_insurance_policy_page.dart,R1:pass|R2:pass|R3:pass|R4:pass|R5:pass|R6:pass,pass,pass,pass,pass,
AppRouteNames.sc240P2PInsuranceScore,AppRoutePaths.p2pInsuranceScore,P2PInsuranceScorePage,direct_vpc,features/p2p/presentation/pages/dispute/p2p_insurance_score_page.dart,R1:pass|R2:pass|R3:pass|R4:pass|R5:pass|R6:pass,pass,pass,pass,pass,
AppRouteNames.sc250P2PAddressProof,AppRoutePaths.p2pKycAddress,P2PAddressProofPage,direct_vpc,features/p2p/presentation/pages/security/p2p_address_proof_page.dart,R1:pass|R2:pass|R3:pass|R4:pass|R5:pass|R6:pass,pass,pass,pass,pass,
AppRouteNames.sc403P2PKycFaceMatch,AppRoutePaths.p2pKycFaceMatch,P2PSelfieVerificationPage,direct_vpc,features/p2p/presentation/pages/merchant/p2p_selfie_verification_page.dart,R1:pass|R2:pass|R3:pass|R4:pass|R5:pass|R6:pass,pass,pass,pass,pass,
AppRouteNames.sc249P2PIdentityVerification,AppRoutePaths.p2pKycIdentity,P2PIdentityVerificationPage,direct_vpc,features/p2p/presentation/pages/merchant/p2p_identity_verification_page.dart,R1:pass|R2:pass|R3:pass|R4:pass|R5:pass|R6:pass,pass,pass,pass,pass,
AppRouteNames.sc247P2PKycRequirements,AppRoutePaths.p2pKycRequirements,P2PKycRequirementsPage,direct_vpc,features/p2p/presentation/pages/merchant/p2p_kyc_requirements_page.dart,R1:pass|R2:pass|R3:pass|R4:pass|R5:pass|R6:pass,pass,pass,pass,pass,
AppRouteNames.sc251P2PSelfieVerification,AppRoutePaths.p2pKycSelfie,P2PSelfieVerificationPage,direct_vpc,features/p2p/presentation/pages/merchant/p2p_selfie_verification_page.dart,R1:pass|R2:pass|R3:pass|R4:pass|R5:pass|R6:pass,pass,pass,pass,pass,
AppRouteNames.sc248P2PKycStatus,AppRoutePaths.p2pKycStatus,P2PKycStatusPage,direct_vpc,features/p2p/presentation/pages/merchant/p2p_kyc_status_page.dart,R1:pass|R2:pass|R3:pass|R4:pass|R5:pass|R6:pass,pass,pass,pass,pass,
AppRouteNames.sc402P2PKycVerify,AppRoutePaths.p2pKycVerify,P2PIdentityVerificationPage,direct_vpc,features/p2p/presentation/pages/merchant/p2p_identity_verification_page.dart,R1:pass|R2:pass|R3:pass|R4:pass|R5:pass|R6:pass,pass,pass,pass,pass,
AppRouteNames.sc252P2PVideoVerification,AppRoutePaths.p2pKycVideo,P2PVideoVerificationPage,shared_shell,features/p2p/presentation/pages/merchant/p2p_video_verification_page.dart,R1:pass|R2:pass|R3:pass|R4:pass|R5:pass|R6:pass,pass,pass,pass,pass,
AppRouteNames.sc266P2PTransactionLimits,AppRoutePaths.p2pLimits,P2PTransactionLimitsPage,direct_vpc,features/p2p/presentation/pages/security/p2p_transaction_limits_page.dart,R1:pass|R2:pass|R3:pass|R4:pass|R5:pass|R6:pass,pass,pass,pass,pass,
AppRouteNames.sc265P2PLimitTracker,AppRoutePaths.p2pLimitsTracker,P2PLimitTrackerPage,shared_shell,features/p2p/presentation/pages/security/p2p_limit_tracker_page.dart,R1:pass|R2:pass|R3:pass|R4:pass|R5:pass|R6:pass,pass,pass,pass,pass,
AppRouteNames.sc227P2PMerchantApply,AppRoutePaths.p2pMerchantApply,P2PMerchantApplyPage,direct_vpc,features/p2p/presentation/pages/merchant/p2p_merchant_apply_page.dart,R1:pass|R2:pass|R3:pass|R4:pass|R5:pass|R6:pass,pass,pass,pass,pass,
AppRouteNames.sc225P2PMyAds,AppRoutePaths.p2pMyAds,P2PMyAdsPage,shared_shell,features/p2p/presentation/pages/ads/p2p_my_ads_page.dart,R1:pass|R2:pass|R3:pass|R4:pass|R5:pass|R6:pass,pass,pass,pass,pass,
AppRouteNames.sc281P2PMyOrders,AppRoutePaths.p2pMyOrders,P2PMyOrdersPage,direct_vpc,features/p2p/presentation/pages/orders/p2p_my_orders_page.dart,R1:pass|R2:pass|R3:pass|R4:pass|R5:pass|R6:pass,pass,pass,pass,pass,
AppRouteNames.sc273P2POrderBook,AppRoutePaths.p2pOrderBook,P2POrderBookPage,direct_vpc,features/p2p/presentation/pages/ads/p2p_order_book_page.dart,R1:pass|R2:pass|R3:pass|R4:pass|R5:pass|R6:pass,pass,pass,pass,pass,
AppRouteNames.sc232P2PPaymentMethodAdd,AppRoutePaths.p2pPaymentMethodAdd,P2PPaymentMethodAddPage,shared_shell,features/p2p/presentation/pages/payment/p2p_payment_method_add_page.dart,R1:pass|R2:pass|R3:pass|R4:pass|R5:pass|R6:pass,pass,pass,pass,pass,
AppRouteNames.sc235P2PPaymentMethodCoolingPeriod,AppRoutePaths.p2pPaymentMethodCoolingPeriod,P2PPaymentMethodCoolingPeriodPage,direct_vpc,features/p2p/presentation/pages/payment/p2p_payment_method_cooling_period_page.dart,R1:pass|R2:pass|R3:pass|R4:pass|R5:pass|R6:pass,pass,pass,pass,pass,
AppRouteNames.sc236P2PPaymentMethodHistory,AppRoutePaths.p2pPaymentMethodHistory,P2PPaymentMethodHistoryPage,direct_vpc,features/p2p/presentation/pages/payment/p2p_payment_method_history_page.dart,R1:pass|R2:pass|R3:pass|R4:pass|R5:pass|R6:pass,pass,pass,pass,pass,
AppRouteNames.sc237P2PPaymentMethods,AppRoutePaths.p2pPaymentMethods,P2PPaymentMethodsPage,shared_shell,features/p2p/presentation/pages/payment/p2p_payment_methods_page.dart,R1:pass|R2:pass|R3:pass|R4:pass|R5:pass|R6:pass,pass,pass,pass,pass,
AppRouteNames.sc231P2PReviews,AppRoutePaths.p2pReviews,P2PReviewsPage,direct_vpc,features/p2p/presentation/pages/security/p2p_reviews_page.dart,R1:pass|R2:pass|R3:pass|R4:pass|R5:pass|R6:pass,pass,pass,pass,pass,
AppRouteNames.sc254P2P2FASettings,AppRoutePaths.p2pSecurity2fa,P2P2FASettingsPage,shared_shell,features/p2p/presentation/pages/security/p2p_2fa_settings_page.dart,R1:pass|R2:pass|R3:pass|R4:pass|R5:pass|R6:pass,pass,pass,pass,pass,
AppRouteNames.sc256P2PAntiPhishingCode,AppRoutePaths.p2pSecurityAntiPhishing,P2PAntiPhishingCodePage,direct_vpc,features/p2p/presentation/pages/security/p2p_anti_phishing_code_page.dart,R1:pass|R2:pass|R3:pass|R4:pass|R5:pass|R6:pass,pass,pass,pass,pass,
AppRouteNames.sc253P2PSecurityCenter,AppRoutePaths.p2pSecurityCenter,P2PSecurityCenterPage,direct_vpc,features/p2p/presentation/pages/security/p2p_security_center_page.dart,R1:pass|R2:pass|R3:pass|R4:pass|R5:pass|R6:pass,pass,pass,pass,pass,
AppRouteNames.sc255P2PDeviceManagement,AppRoutePaths.p2pSecurityDevices,P2PDeviceManagementPage,shared_shell,features/p2p/presentation/pages/security/p2p_device_management_page.dart,R1:pass|R2:pass|R3:pass|R4:pass|R5:pass|R6:pass,pass,pass,pass,pass,
AppRouteNames.sc257P2PLoginHistory,AppRoutePaths.p2pSecurityLoginHistory,P2PLoginHistoryPage,direct_vpc,features/p2p/presentation/pages/security/p2p_login_history_page.dart,R1:pass|R2:pass|R3:pass|R4:pass|R5:pass|R6:pass,pass,pass,pass,pass,
AppRouteNames.sc258P2PSuspiciousActivity,AppRoutePaths.p2pSecuritySuspiciousActivity,P2PSuspiciousActivityPage,shared_shell,features/p2p/presentation/pages/security/p2p_suspicious_activity_page.dart,R1:pass|R2:pass|R3:pass|R4:pass|R5:pass|R6:pass,pass,pass,pass,pass,
AppRouteNames.sc404P2PWhitelistMode,AppRoutePaths.p2pSecurityWhitelist,P2PWhitelistModePage,direct_vpc,features/p2p/presentation/pages/security/p2p_security_center_page.dart,R1:pass|R2:pass|R3:pass|R4:pass|R5:pass|R6:pass,pass,pass,pass,pass,
AppRouteNames.sc279P2PSettings,AppRoutePaths.p2pSettings,P2PSettingsPage,direct_vpc,features/p2p/presentation/pages/hub/p2p_settings_page.dart,R1:pass|R2:pass|R3:pass|R4:pass|R5:pass|R6:pass,pass,pass,pass,pass,
AppRouteNames.sc278P2PNotificationsSettings,AppRoutePaths.p2pSettingsNotifications,P2PNotificationsSettingsPage,direct_vpc,features/p2p/presentation/pages/hub/p2p_notifications_settings_page.dart,R1:pass|R2:pass|R3:pass|R4:pass|R5:pass|R6:pass,pass,pass,pass,pass,
AppRouteNames.sc272P2PTaxReporting,AppRoutePaths.p2pTaxReporting,P2PTaxReportingPage,direct_vpc,features/p2p/presentation/pages/security/p2p_tax_reporting_page.dart,R1:pass|R2:pass|R3:pass|R4:pass|R5:pass|R6:pass,pass,pass,pass,pass,
AppRouteNames.sc230P2PTradingLevel,AppRoutePaths.p2pTradingLevel,P2PTradingLevelPage,direct_vpc,features/p2p/presentation/pages/hub/p2p_trading_level_page.dart,R1:pass|R2:pass|R3:pass|R4:pass|R5:pass|R6:pass,pass,pass,pass,pass,
AppRouteNames.sc264P2PWallet,AppRoutePaths.p2pWallet,P2PWalletPage,direct_vpc,features/p2p/presentation/pages/wallet/p2p_wallet_page.dart,R1:pass|R2:pass|R3:pass|R4:pass|R5:pass|R6:pass,pass,pass,pass,pass,
AppRouteNames.sc262P2PFundLockHistory,AppRoutePaths.p2pWalletFundLockHistory,P2PFundLockHistoryPage,shared_shell,features/p2p/presentation/pages/orders/p2p_fund_lock_history_page.dart,R1:pass|R2:pass|R3:pass|R4:pass|R5:pass|R6:pass,pass,pass,pass,pass,
AppRouteNames.sc263P2PWalletHistoryAlias,AppRoutePaths.p2pWalletHistory,P2PFundLockHistoryPage,shared_shell,features/p2p/presentation/pages/orders/p2p_fund_lock_history_page.dart,R1:pass|R2:pass|R3:pass|R4:pass|R5:pass|R6:pass,pass,pass,pass,pass,
AppRouteNames.sc261P2PWalletTransfer,AppRoutePaths.p2pWalletTransfer,P2PWalletTransferPage,direct_vpc,features/p2p/presentation/pages/wallet/p2p_wallet_transfer_page.dart,R1:pass|R2:pass|R3:pass|R4:pass|R5:pass|R6:pass,pass,pass,pass,pass,
AppRouteNames.sc326PerformanceMonitor,AppRoutePaths.performanceMonitor,InternalSurfaceGate,direct_vpc,features/dev/presentation/pages/performance_monitor.dart,R1:pass|R2:pass|R3:pass|R4:pass|R5:pass|R6:pass,unknown,unknown,pass,pass,unmapped
AppRouteNames.sc156Profile,AppRoutePaths.profile,ProfilePage,direct_vpc,features/profile/presentation/pages/profile_page.dart,R1:pass|R2:pass|R3:pass|R4:pass|R5:pass|R6:pass,pass,pass,pass,pass,
AppRouteNames.sc161ActivityLog,AppRoutePaths.profileActivity,ActivityLogPage,direct_vpc,features/profile/presentation/pages/activity_log_page.dart,R1:pass|R2:pass|R3:pass|R4:pass|R5:pass|R6:pass,pass,pass,pass,pass,
AppRouteNames.sc163ApiManagement,AppRoutePaths.profileApi,ApiManagementPage,direct_vpc,features/profile/presentation/pages/api_management_page.dart,R1:pass|R2:pass|R3:pass|R4:pass|R5:pass|R6:pass,pass,pass,pass,pass,
AppRouteNames.sc162ApiKeyCreate,AppRoutePaths.profileApiCreate,ApiKeyCreatePage,direct_vpc,features/profile/presentation/pages/api_key_create_page.dart,R1:pass|R2:pass|R3:pass|R4:pass|R5:pass|R6:pass,pass,pass,pass,pass,
AppRouteNames.sc165DeviceManagement,AppRoutePaths.profileDevices,DeviceManagementPage,direct_vpc,features/profile/presentation/pages/device_management_page.dart,R1:pass|R2:pass|R3:pass|R4:pass|R5:pass|R6:pass,pass,pass,pass,pass,
AppRouteNames.sc157EditProfile,AppRoutePaths.profileEdit,EditProfilePage,direct_vpc,features/profile/presentation/pages/edit_profile_page.dart,R1:pass|R2:pass|R3:pass|R4:pass|R5:pass|R6:pass,pass,pass,pass,pass,
AppRouteNames.sc159Kyc,AppRoutePaths.profileKyc,KYCPage,direct_vpc,features/profile/presentation/pages/kyc_page.dart,R1:pass|R2:pass|R3:pass|R4:pass|R5:pass|R6:pass,pass,pass,pass,pass,
AppRouteNames.sc158Security,AppRoutePaths.profileSecurity,SecurityPage,direct_vpc,features/profile/presentation/pages/security_page.dart,R1:pass|R2:pass|R3:pass|R4:pass|R5:pass|R6:pass,pass,pass,pass,pass,
AppRouteNames.sc160Settings,AppRoutePaths.profileSettings,SettingsPage,direct_vpc,features/profile/presentation/pages/settings_page.dart,R1:pass|R2:pass|R3:pass|R4:pass|R5:pass|R6:pass,pass,pass,pass,pass,
AppRouteNames.sc166SubAccount,AppRoutePaths.profileSubAccounts,SubAccountPage,direct_vpc,features/profile/presentation/pages/sub_account_page.dart,R1:pass|R2:pass|R3:pass|R4:pass|R5:pass|R6:pass,pass,pass,pass,pass,
AppRouteNames.sc164Vip,AppRoutePaths.profileVip,VIPPage,direct_vpc,features/profile/presentation/pages/vip_page.dart,R1:pass|R2:pass|R3:pass|R4:pass|R5:pass|R6:pass,pass,pass,pass,pass,
AppRouteNames.sc290ReferralHome,AppRoutePaths.referral,ReferralHomePage,direct_vpc,features/referral/presentation/pages/referral_home_page.dart,R1:pass|R2:pass|R3:pass|R4:pass|R5:pass|R6:pass,pass,pass,pass,pass,
AppRouteNames.sc286ReferralHistory,AppRoutePaths.referralHistory,ReferralHistoryPage,direct_vpc,features/referral/presentation/pages/referral_history_page.dart,R1:pass|R2:pass|R3:pass|R4:pass|R5:pass|R6:pass,pass,pass,pass,pass,
AppRouteNames.sc287ReferralRewards,AppRoutePaths.referralRewards,ReferralRewardsPage,direct_vpc,features/referral/presentation/pages/referral_rewards_page.dart,R1:pass|R2:pass|R3:pass|R4:pass|R5:pass|R6:pass,pass,pass,pass,pass,
AppRouteNames.sc288ReferralRules,AppRoutePaths.referralRules,ReferralRulesPage,direct_vpc,features/referral/presentation/pages/referral_rules_page.dart,R1:pass|R2:pass|R3:pass|R4:pass|R5:pass|R6:pass,pass,pass,pass,pass,
AppRouteNames.sc319RewardsHub,AppRoutePaths.rewards,RewardsHubPage,direct_vpc,features/rewards/presentation/pages/rewards_hub_page.dart,R1:pass|R2:pass|R3:pass|R4:pass|R5:pass|R6:pass,pass,pass,pass,pass,
AppRouteNames.sc325RouteChecker,AppRoutePaths.routeChecker,InternalSurfaceGate,direct_vpc,features/dev/presentation/pages/route_checker_page.dart,R1:pass|R2:pass|R3:pass|R4:pass|R5:pass|R6:pass,unknown,unknown,pass,pass,unmapped
AppRouteNames.sc283UnifiedSearch,AppRoutePaths.search,UnifiedSearchPage,direct_vpc,features/discovery/presentation/pages/unified_search_page.dart,R1:pass|R2:pass|R3:pass|R4:pass|R5:pass|R6:pass,pass,pass,pass,pass,
AppRouteNames.sc413SettingsSecurity,AppRoutePaths.settingsSecurity,SecurityPage,direct_vpc,features/profile/presentation/pages/security_page.dart,R1:pass|R2:pass|R3:pass|R4:pass|R5:pass|R6:pass,pass,pass,pass,pass,
AppRouteNames.sc405SettingsSecurityBiometric,AppRoutePaths.settingsSecurityBiometric,SecurityPage,direct_vpc,features/profile/presentation/pages/security_page.dart,R1:pass|R2:pass|R3:pass|R4:pass|R5:pass|R6:pass,pass,pass,pass,pass,
AppRouteNames.sc406SettingsSecurityChangePassword,AppRoutePaths.settingsSecurityChangePassword,SecurityPage,direct_vpc,features/profile/presentation/pages/security_page.dart,R1:pass|R2:pass|R3:pass|R4:pass|R5:pass|R6:pass,pass,pass,pass,pass,
AppRouteNames.sc323SmartAlertCenter,AppRoutePaths.smartAlerts,SmartAlertCenter,shared_shell,features/cross_module/presentation/pages/smart_alert_center.dart,R1:pass|R2:pass|R3:pass|R4:pass|R5:pass|R6:pass,pass,pass,pass,pass,
AppRouteNames.sc294Support,AppRoutePaths.support,SupportPage,direct_vpc,features/support/presentation/pages/support_page.dart,R1:pass|R2:pass|R3:pass|R4:pass|R5:pass|R6:pass,pass,pass,pass,pass,
AppRouteNames.sc293Announcements,AppRoutePaths.supportAnnouncements,AnnouncementsPage,direct_vpc,features/support/presentation/pages/announcements_page.dart,R1:pass|R2:pass|R3:pass|R4:pass|R5:pass|R6:pass,pass,pass,pass,pass,
AppRouteNames.sc292HelpCenter,AppRoutePaths.supportHelp,HelpCenterPage,direct_vpc,features/support/presentation/pages/help_center_page.dart,R1:pass|R2:pass|R3:pass|R4:pass|R5:pass|R6:pass,pass,pass,pass,pass,
AppRouteNames.sc324TaxReportCenter,AppRoutePaths.taxReports,TaxReportCenter,shared_shell,features/cross_module/presentation/pages/tax_report_center.dart,R1:pass|R2:pass|R3:pass|R4:pass|R5:pass|R6:pass,pass,pass,pass,pass,
AppRouteNames.sc285TopicCrypto,AppRoutePaths.topicCrypto,TopicHubPage,direct_vpc,features/discovery/presentation/pages/topic_hub_page.dart,R1:pass|R2:pass|R3:pass|R4:pass|R5:pass|R6:pass,pass,pass,pass,pass,
AppRouteNames.sc284TopicHub,AppRoutePaths.topics,TopicHubPage,direct_vpc,features/discovery/presentation/pages/topic_hub_page.dart,R1:pass|R2:pass|R3:pass|R4:pass|R5:pass|R6:pass,pass,pass,pass,pass,
AppRouteNames.sc048Trade,AppRoutePaths.trade,TradePage,shared_shell,features/trade/presentation/pages/hub/trade_page.dart,R1:pass|R2:pass|R3:pass|R4:pass|R5:pass|R6:pass,pass,pass,pass,pass,
AppRouteNames.sc062AdvancedTools,AppRoutePaths.tradeAdvancedTools,AdvancedToolsDemoPage,shared_shell,features/trade_core/presentation/widgets/trade_module_layout.dart,R1:pass|R2:pass|R3:pass|R4:pass|R5:pass|R6:pass,pass,pass,pass,pass,
AppRouteNames.sc134BotApiDocumentation,AppRoutePaths.tradeBotApiDocumentation,BotApiDocumentationPage,direct_vpc,features/trade_bots/presentation/pages/settings/bot_api_documentation_page.dart,R1:pass|R2:pass|R3:pass|R4:pass|R5:pass|R6:pass,pass,pass,pass,pass,
AppRouteNames.sc125BotBacktesting,AppRoutePaths.tradeBotBacktesting,BotBacktestingPage,shared_shell,features/trade_bots/presentation/pages/backtest/bot_backtesting_page.dart,R1:pass|R2:pass|R3:pass|R4:pass|R5:pass|R6:pass,pass,pass,pass,pass,
AppRouteNames.sc129BotDrawdownAnalyzer,AppRoutePaths.tradeBotDrawdownAnalyzer,BotDrawdownAnalyzerPage,shared_shell,features/trade_bots/presentation/pages/dashboard/bot_drawdown_analyzer_page.dart,R1:pass|R2:pass|R3:pass|R4:pass|R5:pass|R6:pass,pass,pass,pass,pass,
AppRouteNames.sc121BotEmergencyStop,AppRoutePaths.tradeBotEmergencyStop,BotEmergencyStopPage,shared_shell,features/trade_bots/presentation/pages/settings/bot_emergency_stop_page.dart,R1:pass|R2:pass|R3:pass|R4:pass|R5:pass|R6:pass,pass,pass,pass,pass,
AppRouteNames.sc130BotEquityCurve,AppRoutePaths.tradeBotEquityCurve,BotEquityCurvePage,shared_shell,features/trade_bots/presentation/pages/dashboard/bot_equity_curve_page.dart,R1:pass|R2:pass|R3:pass|R4:pass|R5:pass|R6:pass,pass,pass,pass,pass,
AppRouteNames.sc132BotFaq,AppRoutePaths.tradeBotFaq,BotFaqPage,shared_shell,features/trade_bots/presentation/pages/settings/bot_faq_page.dart,R1:pass|R2:pass|R3:pass|R4:pass|R5:pass|R6:pass,pass,pass,pass,pass,
AppRouteNames.sc131BotGuide,AppRoutePaths.tradeBotGuide,BotGuidePage,direct_vpc,features/trade_bots/presentation/pages/settings/bot_guide_page.dart,R1:pass|R2:pass|R3:pass|R4:pass|R5:pass|R6:pass,pass,pass,pass,pass,
AppRouteNames.sc123BotHistory,AppRoutePaths.tradeBotHistory,BotHistoryPage,shared_shell,features/trade_bots/presentation/pages/dashboard/bot_history_page.dart,R1:pass|R2:pass|R3:pass|R4:pass|R5:pass|R6:pass,pass,pass,pass,pass,
AppRouteNames.sc127BotOptimization,AppRoutePaths.tradeBotOptimization,BotOptimizationPage,shared_shell,features/trade_bots/presentation/pages/backtest/bot_optimization_page.dart,R1:pass|R2:pass|R3:pass|R4:pass|R5:pass|R6:pass,pass,pass,pass,pass,
AppRouteNames.sc124BotPerformanceAnalytics,AppRoutePaths.tradeBotPerformanceAnalytics,BotPerformanceAnalyticsPage,shared_shell,features/trade_bots/presentation/pages/dashboard/bot_performance_analytics_page.dart,R1:pass|R2:pass|R3:pass|R4:pass|R5:pass|R6:pass,pass,pass,pass,pass,
AppRouteNames.sc128BotPortfolioDashboard,AppRoutePaths.tradeBotPortfolioDashboard,BotPortfolioDashboardPage,shared_shell,features/trade_bots/presentation/pages/dashboard/bot_portfolio_dashboard_page.dart,R1:pass|R2:pass|R3:pass|R4:pass|R5:pass|R6:pass,pass,pass,pass,pass,
AppRouteNames.sc120BotRiskDashboard,AppRoutePaths.tradeBotRiskDashboard,BotRiskDashboardPage,shared_shell,features/trade_bots/presentation/pages/dashboard/bot_risk_dashboard_page.dart,R1:pass|R2:pass|R3:pass|R4:pass|R5:pass|R6:pass,pass,pass,pass,pass,
AppRouteNames.sc118BotRiskDisclosure,AppRoutePaths.tradeBotRiskDisclosure,BotRiskDisclosurePage,shared_shell,features/trade_bots/presentation/pages/settings/bot_risk_disclosure_page.dart,R1:pass|R2:pass|R3:pass|R4:pass|R5:pass|R6:pass,pass,pass,pass,pass,
AppRouteNames.sc122BotSecuritySettings,AppRoutePaths.tradeBotSecuritySettings,BotSecuritySettingsPage,direct_vpc,features/trade_bots/presentation/pages/settings/bot_security_settings_page.dart,R1:pass|R2:pass|R3:pass|R4:pass|R5:pass|R6:pass,pass,pass,pass,pass,
AppRouteNames.sc126BotStrategyCompare,AppRoutePaths.tradeBotStrategyCompare,BotStrategyComparePage,shared_shell,features/trade_bots/presentation/pages/backtest/bot_strategy_compare_page.dart,R1:pass|R2:pass|R3:pass|R4:pass|R5:pass|R6:pass,pass,pass,pass,pass,
AppRouteNames.sc119BotSuitabilityAssessment,AppRoutePaths.tradeBotSuitabilityAssessment,BotSuitabilityAssessmentPage,direct_vpc,features/trade_bots/presentation/pages/settings/bot_suitability_assessment_page.dart,R1:pass|R2:pass|R3:pass|R4:pass|R5:pass|R6:pass,pass,pass,pass,pass,
AppRouteNames.sc133BotTaxReporting,AppRoutePaths.tradeBotTaxReporting,BotTaxReportingPage,shared_shell,features/trade_bots/presentation/pages/settings/bot_tax_reporting_page.dart,R1:pass|R2:pass|R3:pass|R4:pass|R5:pass|R6:pass,pass,pass,pass,pass,
AppRouteNames.sc117BotTermsOfService,AppRoutePaths.tradeBotTermsOfService,BotTermsOfServicePage,shared_shell,features/trade_bots/presentation/pages/settings/bot_terms_of_service_page.dart,R1:pass|R2:pass|R3:pass|R4:pass|R5:pass|R6:pass,pass,pass,pass,pass,
AppRouteNames.sc059TradingBots,AppRoutePaths.tradeBots,TradingBotsPage,shared_shell,features/trade_bots/presentation/pages/hub/trading_bots_page.dart,R1:pass|R2:pass|R3:pass|R4:pass|R5:pass|R6:pass,pass,pass,pass,pass,
AppRouteNames.sc056Convert,AppRoutePaths.tradeConvert,ConvertPage,shared_shell,features/trade/presentation/pages/convert/convert_page.dart,R1:pass|R2:pass|R3:pass|R4:pass|R5:pass|R6:pass,pass,pass,pass,pass,
AppRouteNames.sc066ActiveCopies,AppRoutePaths.tradeCopyActive,ActiveCopiesPage,direct_vpc,features/trade_copy/presentation/pages/hub/active_copies_page.dart,R1:pass|R2:pass|R3:pass|R4:pass|R5:pass|R6:pass,pass,pass,pass,pass,
AppRouteNames.sc095ArmIntegrationStatus,AppRoutePaths.tradeCopyArmIntegrationStatus,ArmIntegrationStatusPage,shared_shell,features/trade_compliance/presentation/pages/client_money/arm_integration_status_page.dart,R1:pass|R2:pass|R3:pass|R4:pass|R5:pass|R6:pass,pass,pass,pass,pass,
AppRouteNames.sc115AuditTrail,AppRoutePaths.tradeCopyAuditTrail,AuditTrailPage,shared_shell,features/trade_compliance/presentation/pages/governance/audit_trail_page.dart,R1:pass|R2:pass|R3:pass|R4:pass|R5:pass|R6:pass,pass,pass,pass,pass,
AppRouteNames.sc096BestExecutionReports,AppRoutePaths.tradeCopyBestExecutionReports,BestExecutionReportsPage,direct_vpc,features/trade_compliance/presentation/pages/execution/best_execution_reports_page.dart,R1:pass|R2:pass|R3:pass|R4:pass|R5:pass|R6:pass,pass,pass,pass,pass,
AppRouteNames.sc103CassReconciliation,AppRoutePaths.tradeCopyCassReconciliation,CassReconciliationPage,shared_shell,features/trade_compliance/presentation/pages/client_money/cass_reconciliation_page.dart,R1:pass|R2:pass|R3:pass|R4:pass|R5:pass|R6:pass,pass,pass,pass,pass,
AppRouteNames.sc099ClientCategorization,AppRoutePaths.tradeCopyClientCategorization,ClientCategorizationPage,direct_vpc,features/trade_compliance/presentation/pages/governance/client_categorization_opt_up_page.dart,R1:pass|R2:pass|R3:pass|R4:pass|R5:pass|R6:pass,pass,pass,pass,pass,
AppRouteNames.sc102ClientMoneyProtection,AppRoutePaths.tradeCopyClientMoneyProtection,ClientMoneyProtectionPage,direct_vpc,features/trade_compliance/presentation/pages/client_money/client_money_protection_page.dart,R1:pass|R2:pass|R3:pass|R4:pass|R5:pass|R6:pass,pass,pass,pass,pass,
AppRouteNames.sc411ClientOptUpRequest,AppRoutePaths.tradeCopyClientOptUpRequest,ClientOptUpRequestPage,direct_vpc,features/trade/presentation/pages/client_categorization_opt_up_page.dart,R1:pass|R2:pass|R3:pass|R4:pass|R5:pass|R6:pass,unknown,unknown,pass,exception:unmapped,unmapped
AppRouteNames.sc076ProviderComparison,AppRoutePaths.tradeCopyComparison,ProviderComparisonPage,shared_shell,features/trade_copy/presentation/pages/provider/provider_comparison_page.dart,R1:pass|R2:pass|R3:pass|R4:pass|R5:pass|R6:pass,pass,pass,pass,pass,
AppRouteNames.sc112ComplaintSubmission,AppRoutePaths.tradeCopyComplaintSubmission,ComplaintSubmissionPage,shared_shell,features/trade_compliance/presentation/pages/complaints/complaint_submission_page.dart,R1:pass|R2:pass|R3:pass|R4:pass|R5:pass|R6:pass,pass,pass,pass,pass,
AppRouteNames.sc113ComplaintTracking,AppRoutePaths.tradeCopyComplaintTrackingBase,ComplaintTrackingPage,shared_shell,features/trade_compliance/presentation/pages/complaints/complaint_tracking_page.dart,R1:pass|R2:pass|R3:pass|R4:pass|R5:pass|R6:pass,pass,pass,pass,pass,
AppRouteNames.sc111ComplaintsHandling,AppRoutePaths.tradeCopyComplaintsHandling,ComplaintsHandlingPage,direct_vpc,features/trade_compliance/presentation/pages/complaints/complaints_handling_page.dart,R1:pass|R2:pass|R3:pass|R4:pass|R5:pass|R6:pass,pass,pass,pass,pass,
AppRouteNames.sc082DisputeResolution,AppRoutePaths.tradeCopyDisputeResolution,DisputeResolutionPage,direct_vpc,features/trade_copy/presentation/pages/safety/dispute_resolution_page.dart,R1:pass|R2:pass|R3:pass|R4:pass|R5:pass|R6:pass,pass,pass,pass,pass,
AppRouteNames.sc065CopyEducation,AppRoutePaths.tradeCopyEducation,CopyEducationPage,shared_shell,features/trade_copy/presentation/pages/safety/copy_education_page.dart,R1:pass|R2:pass|R3:pass|R4:pass|R5:pass|R6:pass,pass,pass,pass,pass,
AppRouteNames.sc105ExAnteCosts,AppRoutePaths.tradeCopyExAnteCosts,ExAnteCostsPage,shared_shell,features/trade_compliance/presentation/pages/disclosures/ex_ante_costs_page.dart,R1:pass|R2:pass|R3:pass|R4:pass|R5:pass|R6:pass,pass,pass,pass,pass,
AppRouteNames.sc107ExPostCostsReport,AppRoutePaths.tradeCopyExPostCostsReport,ExPostCostsReportPage,shared_shell,features/trade_compliance/presentation/pages/disclosures/ex_post_costs_report_page.dart,R1:pass|R2:pass|R3:pass|R4:pass|R5:pass|R6:pass,pass,pass,pass,pass,
AppRouteNames.sc097ExecutionVenueAnalysis,AppRoutePaths.tradeCopyExecutionVenueAnalysis,ExecutionVenueAnalysisPage,shared_shell,features/trade_compliance/presentation/pages/execution/execution_venue_analysis_page.dart,R1:pass|R2:pass|R3:pass|R4:pass|R5:pass|R6:pass,pass,pass,pass,pass,
AppRouteNames.sc104InvestorCompensation,AppRoutePaths.tradeCopyInvestorCompensation,InvestorCompensationPage,direct_vpc,features/trade_compliance/presentation/pages/client_money/investor_compensation_page.dart,R1:pass|R2:pass|R3:pass|R4:pass|R5:pass|R6:pass,pass,pass,pass,pass,
AppRouteNames.sc108KidGenerator,AppRoutePaths.tradeCopyKidGenerator,KIDGeneratorPage,shared_shell,features/trade_compliance/presentation/pages/disclosures/kid_generator_page.dart,R1:pass|R2:pass|R3:pass|R4:pass|R5:pass|R6:pass,pass,pass,pass,pass,
AppRouteNames.sc079ProviderLeaderboard,AppRoutePaths.tradeCopyLeaderboard,ProviderLeaderboardPage,shared_shell,features/trade_copy/presentation/pages/provider/provider_leaderboard_page.dart,R1:pass|R2:pass|R3:pass|R4:pass|R5:pass|R6:pass,pass,pass,pass,pass,
AppRouteNames.sc068CopyNotifications,AppRoutePaths.tradeCopyNotifications,CopyNotificationsPage,shared_shell,features/trade_copy/presentation/pages/hub/copy_notifications_page.dart,R1:pass|R2:pass|R3:pass|R4:pass|R5:pass|R6:pass,pass,pass,pass,pass,
AppRouteNames.sc114OmbudsmanReferral,AppRoutePaths.tradeCopyOmbudsmanReferral,OmbudsmanReferralPage,shared_shell,features/trade_compliance/presentation/pages/complaints/ombudsman_referral_page.dart,R1:pass|R2:pass|R3:pass|R4:pass|R5:pass|R6:pass,pass,pass,pass,pass,
AppRouteNames.sc109PerformanceScenarios,AppRoutePaths.tradeCopyPerformanceScenarios,PerformanceScenariosPage,shared_shell,features/trade_compliance/presentation/pages/disclosures/performance_scenarios_page.dart,R1:pass|R2:pass|R3:pass|R4:pass|R5:pass|R6:pass,pass,pass,pass,pass,
AppRouteNames.sc100ProductGovernance,AppRoutePaths.tradeCopyProductGovernance,ProductGovernancePage,shared_shell,features/trade_compliance/presentation/pages/governance/product_governance_page.dart,R1:pass|R2:pass|R3:pass|R4:pass|R5:pass|R6:pass,pass,pass,pass,pass,
AppRouteNames.sc069ProviderApplication,AppRoutePaths.tradeCopyProviderApply,ProviderApplicationPage,shared_shell,features/trade_copy/presentation/pages/provider/provider_application_page.dart,R1:pass|R2:pass|R3:pass|R4:pass|R5:pass|R6:pass,pass,pass,pass,pass,
AppRouteNames.sc081ProviderGovernance,AppRoutePaths.tradeCopyProviderGovernance,ProviderGovernancePage,direct_vpc,features/trade_copy/presentation/pages/provider/provider_governance_page.dart,R1:pass|R2:pass|R3:pass|R4:pass|R5:pass|R6:pass,pass,pass,pass,pass,
AppRouteNames.sc084RegulatoryDisclosures,AppRoutePaths.tradeCopyRegulatoryDisclosures,RegulatoryDisclosuresPage,direct_vpc,features/trade_compliance/presentation/pages/disclosures/regulatory_disclosures_page.dart,R1:pass|R2:pass|R3:pass|R4:pass|R5:pass|R6:pass,pass,pass,pass,pass,
AppRouteNames.sc116RegulatoryInspectionReady,AppRoutePaths.tradeCopyRegulatoryInspectionReady,RegulatoryInspectionReadyPage,shared_shell,features/trade_compliance/presentation/pages/governance/regulatory_inspection_ready_page.dart,R1:pass|R2:pass|R3:pass|R4:pass|R5:pass|R6:pass,pass,pass,pass,pass,
AppRouteNames.sc094RegulatoryReportsDashboard,AppRoutePaths.tradeCopyRegulatoryReportsDashboard,RegulatoryReportsDashboardPage,direct_vpc,features/trade_compliance/presentation/pages/hub/regulatory_reports_dashboard_page.dart,R1:pass|R2:pass|R3:pass|R4:pass|R5:pass|R6:pass,pass,pass,pass,pass,
AppRouteNames.sc078PortfolioRiskAnalysis,AppRoutePaths.tradeCopyRiskAnalysis,PortfolioRiskAnalysisPage,shared_shell,features/trade_copy/presentation/pages/analytics/portfolio_risk_analysis_page.dart,R1:pass|R2:pass|R3:pass|R4:pass|R5:pass|R6:pass,pass,pass,pass,pass,
AppRouteNames.sc110RiskIndicatorExplainer,AppRoutePaths.tradeCopyRiskIndicatorExplainer,RiskIndicatorExplainerPage,direct_vpc,features/trade_compliance/presentation/pages/disclosures/risk_indicator_explainer_page.dart,R1:pass|R2:pass|R3:pass|R4:pass|R5:pass|R6:pass,pass,pass,pass,pass,
AppRouteNames.sc106RiyCalculator,AppRoutePaths.tradeCopyRiyCalculator,RIYCalculatorPage,shared_shell,features/trade_compliance/presentation/pages/disclosures/riy_calculator_page.dart,R1:pass|R2:pass|R3:pass|R4:pass|R5:pass|R6:pass,pass,pass,pass,pass,
AppRouteNames.sc080SafetyEducation,AppRoutePaths.tradeCopySafety,SafetyEducationPage,direct_vpc,features/trade_copy/presentation/pages/safety/safety_education_page.dart,R1:pass|R2:pass|R3:pass|R4:pass|R5:pass|R6:pass,pass,pass,pass,pass,
AppRouteNames.sc083CopySafetyCenter,AppRoutePaths.tradeCopySafetyCenter,CopySafetyCenterPage,shared_shell,features/trade_copy/presentation/pages/safety/copy_safety_center_page.dart,R1:pass|R2:pass|R3:pass|R4:pass|R5:pass|R6:pass,pass,pass,pass,pass,
AppRouteNames.sc067CopySettings,AppRoutePaths.tradeCopySettings,CopySettingsPage,shared_shell,features/trade_copy/presentation/pages/hub/copy_settings_page.dart,R1:pass|R2:pass|R3:pass|R4:pass|R5:pass|R6:pass,pass,pass,pass,pass,
AppRouteNames.sc098SlippageMonitoring,AppRoutePaths.tradeCopySlippageMonitoring,SlippageMonitoringPage,direct_vpc,features/trade_compliance/presentation/pages/execution/slippage_monitoring_page.dart,R1:pass|R2:pass|R3:pass|R4:pass|R5:pass|R6:pass,pass,pass,pass,pass,
AppRouteNames.sc101TargetMarketDefinition,AppRoutePaths.tradeCopyTargetMarketDefinition,TargetMarketDefinitionPage,shared_shell,features/trade_compliance/presentation/pages/governance/target_market_definition_page.dart,R1:pass|R2:pass|R3:pass|R4:pass|R5:pass|R6:pass,pass,pass,pass,pass,
AppRouteNames.sc063CopyTrading,AppRoutePaths.tradeCopyTrading,CopyTradingPage,shared_shell,features/trade_copy/presentation/pages/hub/copy_trading_page.dart,R1:pass|R2:pass|R3:pass|R4:pass|R5:pass|R6:pass,pass,pass,pass,pass,
AppRouteNames.sc093TransactionReporting,AppRoutePaths.tradeCopyTransactionReporting,TransactionReportingPage,shared_shell,features/trade_compliance/presentation/pages/governance/transaction_reporting_page.dart,R1:pass|R2:pass|R3:pass|R4:pass|R5:pass|R6:pass,pass,pass,pass,pass,
AppRouteNames.sc061ExecutionQuality,AppRoutePaths.tradeExecutionQuality,ExecutionQualityDemoPage,shared_shell,features/trade_core/presentation/widgets/trade_module_layout.dart,R1:pass|R2:pass|R3:pass|R4:pass|R5:pass|R6:pass,pass,pass,pass,pass,
AppRouteNames.sc054TradeHistoryExport,AppRoutePaths.tradeExport,TradeHistoryExportPage,shared_shell,features/trade/presentation/pages/hub/trade_history_export_page.dart,R1:pass|R2:pass|R3:pass|R4:pass|R5:pass|R6:pass,pass,pass,pass,pass,
AppRouteNames.sc085MarginTrading,AppRoutePaths.tradeMargin,MarginTradingPage,shared_shell,features/trade/presentation/pages/margin/margin_trading_page.dart,R1:pass|R2:pass|R3:pass|R4:pass|R5:pass|R6:pass,pass,pass,pass,pass,
AppRouteNames.sc092AdvancedAnalytics,AppRoutePaths.tradeMarginAdvancedAnalytics,AdvancedAnalyticsPage,direct_vpc,features/trade_core/presentation/widgets/trade_module_layout.dart,R1:pass|R2:pass|R3:pass|R4:pass|R5:pass|R6:pass,pass,pass,pass,pass,
AppRouteNames.sc088AdvancedTradingDemo,AppRoutePaths.tradeMarginAdvancedDemo,AdvancedTradingDemoPage,shared_shell,features/trade_core/presentation/widgets/trade_module_layout.dart,R1:pass|R2:pass|R3:pass|R4:pass|R5:pass|R6:pass,pass,pass,pass,pass,
AppRouteNames.sc086MarginTradingPair,AppRoutePaths.tradeMarginBtcusdt,MarginTradingPage,shared_shell,features/trade/presentation/pages/margin/margin_trading_page.dart,R1:pass|R2:pass|R3:pass|R4:pass|R5:pass|R6:pass,pass,pass,pass,pass,
AppRouteNames.sc090MarginTradingHub,AppRoutePaths.tradeMarginHub,MarginTradingHubPage,shared_shell,features/trade/presentation/pages/margin/margin_trading_hub_page.dart,R1:pass|R2:pass|R3:pass|R4:pass|R5:pass|R6:pass,pass,pass,pass,pass,
AppRouteNames.sc091LiveMarketDataAnalytics,AppRoutePaths.tradeMarginLiveMarketDataAnalytics,LiveMarketDataAnalyticsPage,shared_shell,features/trade_compliance/presentation/pages/execution/live_market_data_analytics_page.dart,R1:pass|R2:pass|R3:pass|R4:pass|R5:pass|R6:pass,pass,pass,pass,pass,
AppRouteNames.sc089MarketDataAnalytics,AppRoutePaths.tradeMarginMarketDataAnalytics,MarketDataAnalyticsPage,direct_vpc,features/trade_compliance/presentation/pages/execution/market_data_analytics_page.dart,R1:pass|R2:pass|R3:pass|R4:pass|R5:pass|R6:pass,pass,pass,pass,pass,
AppRouteNames.sc051OrderReceipt,AppRoutePaths.tradeOrderReceipt,OrderReceiptPage,shared_shell,features/trade/presentation/pages/hub/order_receipt_page.dart,R1:pass|R2:pass|R3:pass|R4:pass|R5:pass|R6:pass,pass,pass,pass,pass,
AppRouteNames.sc050OrdersHistory,AppRoutePaths.tradeOrdersHistory,OrdersHistoryPage,shared_shell,features/trade/presentation/pages/hub/orders_history_page.dart,R1:pass|R2:pass|R3:pass|R4:pass|R5:pass|R6:pass,pass,pass,pass,pass,
AppRouteNames.sc053PositionDashboard,AppRoutePaths.tradePositions,PositionDashboardPage,shared_shell,features/trade/presentation/pages/hub/position_dashboard_page.dart,R1:pass|R2:pass|R3:pass|R4:pass|R5:pass|R6:pass,pass,pass,pass,pass,
AppRouteNames.sc060RiskManagement,AppRoutePaths.tradeRiskManagement,RiskManagementDemoPage,shared_shell,features/trade_core/presentation/widgets/trade_module_layout.dart,R1:pass|R2:pass|R3:pass|R4:pass|R5:pass|R6:pass,pass,pass,pass,pass,
AppRouteNames.sc052TradeSettings,AppRoutePaths.tradeSettings,TradeSettingsPage,shared_shell,features/trade/presentation/pages/hub/trade_settings_page.dart,R1:pass|R2:pass|R3:pass|R4:pass|R5:pass|R6:pass,pass,pass,pass,pass,
AppRouteNames.sc321UnifiedPortfolio,AppRoutePaths.unifiedPortfolio,UnifiedPortfolioDashboard,shared_shell,features/cross_module/presentation/pages/unified_portfolio_dashboard.dart,R1:pass|R2:pass|R3:pass|R4:pass|R5:pass|R6:pass,pass,pass,pass,pass,
AppRouteNames.sc135Wallet,AppRoutePaths.wallet,WalletPage,direct_vpc,features/wallet/presentation/pages/hub/wallet_page.dart,R1:pass|R2:pass|R3:pass|R4:pass|R5:pass|R6:pass,pass,pass,pass,pass,
AppRouteNames.sc144AddressBook,AppRoutePaths.walletAddressBook,AddressBookPage,direct_vpc,features/wallet/presentation/pages/address/address_book_page.dart,R1:pass|R2:pass|R3:pass|R4:pass|R5:pass|R6:pass,pass,pass,pass,pass,
AppRouteNames.sc143AddressAdd,AppRoutePaths.walletAddressBookAdd,AddressAddPage,direct_vpc,features/wallet/presentation/pages/address/address_add_page.dart,R1:pass|R2:pass|R3:pass|R4:pass|R5:pass|R6:pass,pass,pass,pass,pass,
AppRouteNames.sc145BuyCrypto,AppRoutePaths.walletBuyCrypto,BuyCryptoPage,shared_shell,features/wallet/presentation/pages/assets/buy_crypto_page.dart,R1:pass|R2:pass|R3:pass|R4:pass|R5:pass|R6:pass,unknown,unknown,pass,exception:unmapped,unmapped
AppRouteNames.sc137Deposit,AppRoutePaths.walletDeposit,DepositPage,shared_shell,features/wallet/presentation/pages/transfer/deposit_page.dart,R1:pass|R2:pass|R3:pass|R4:pass|R5:pass|R6:pass,pass,pass,pass,pass,
AppRouteNames.sc154DustConverter,AppRoutePaths.walletDustConverter,DustConverterPage,shared_shell,features/wallet/presentation/pages/assets/dust_converter_page.dart,R1:pass|R2:pass|R3:pass|R4:pass|R5:pass|R6:pass,pass,pass,pass,pass,
AppRouteNames.sc149GasOptimizer,AppRoutePaths.walletGasOptimizer,WalletGasOptimizerPage,direct_vpc,features/wallet/presentation/pages/tools/wallet_gas_optimizer_page.dart,R1:pass|R2:pass|R3:pass|R4:pass|R5:pass|R6:pass,pass,pass,pass,pass,
AppRouteNames.sc151HealthScore,AppRoutePaths.walletHealthScore,WalletHealthScorePage,direct_vpc,features/wallet/presentation/pages/tools/wallet_health_score_page.dart,R1:pass|R2:pass|R3:pass|R4:pass|R5:pass|R6:pass,pass,pass,pass,pass,
AppRouteNames.sc136TxHistory,AppRoutePaths.walletHistory,TransactionHistoryPage,direct_vpc,features/wallet/presentation/pages/history/transaction_history_page.dart,R1:pass|R2:pass|R3:pass|R4:pass|R5:pass|R6:pass,pass,pass,pass,pass,
AppRouteNames.sc153WithdrawLimits,AppRoutePaths.walletLimits,WithdrawLimitsPage,direct_vpc,features/wallet/presentation/pages/transfer/withdraw_limits_page.dart,R1:pass|R2:pass|R3:pass|R4:pass|R5:pass|R6:pass,pass,pass,pass,pass,
AppRouteNames.sc148MultiManager,AppRoutePaths.walletMultiManager,WalletMultiManagerPage,direct_vpc,features/wallet/presentation/pages/tools/wallet_multi_manager_page.dart,R1:pass|R2:pass|R3:pass|R4:pass|R5:pass|R6:pass,pass,pass,pass,pass,
AppRouteNames.sc155NetworkStatus,AppRoutePaths.walletNetworkStatus,NetworkStatusPage,direct_vpc,features/wallet/presentation/pages/tools/network_status_page.dart,R1:pass|R2:pass|R3:pass|R4:pass|R5:pass|R6:pass,pass,pass,pass,pass,
AppRouteNames.sc152PendingDeposits,AppRoutePaths.walletPendingDeposits,PendingDepositsPage,direct_vpc,features/wallet/presentation/pages/transfer/pending_deposits_page.dart,R1:pass|R2:pass|R3:pass|R4:pass|R5:pass|R6:pass,pass,pass,pass,pass,
AppRouteNames.sc142PortfolioAnalytics,AppRoutePaths.walletPortfolioAnalytics,PortfolioAnalyticsPage,direct_vpc,features/wallet/presentation/pages/tools/portfolio_analytics_page.dart,R1:pass|R2:pass|R3:pass|R4:pass|R5:pass|R6:pass,pass,pass,pass,pass,
AppRouteNames.sc150TokenApproval,AppRoutePaths.walletTokenApproval,WalletTokenApprovalPage,direct_vpc,features/wallet/presentation/pages/tools/wallet_token_approval_page.dart,R1:pass|R2:pass|R3:pass|R4:pass|R5:pass|R6:pass,pass,pass,pass,pass,
AppRouteNames.sc146Transfer,AppRoutePaths.walletTransfer,TransferPage,shared_shell,features/wallet/presentation/pages/transfer/transfer_page.dart,R1:pass|R2:pass|R3:pass|R4:pass|R5:pass|R6:pass,unknown,unknown,pass,exception:unmapped,unmapped
AppRouteNames.sc139Withdraw,AppRoutePaths.walletWithdraw,WithdrawPage,shared_shell,features/wallet/presentation/pages/transfer/withdraw_page.dart,R1:pass|R2:pass|R3:pass|R4:pass|R5:pass|R6:pass,unknown,unknown,pass,pass,unmapped
